entrez_id	moderated_t
780	-0.0235089348048216
5982	0.311757510530597
3310	-2.24298044499887
7849	-1.85759038376555
2978	2.04490973292284
7318	-1.19396721514389
7067	2.29349371066227
11099	-1.39227332852843
6352	-0.56349166873987
1571	1.36097506552608
2049	1.30338036148647
2101	8.69036352207377
1548	-0.61450675649568
2621	0.213381233241784
4323	-0.693933086221673
8717	-4.77763142336812
2342	-4.18682382363314
5337	-1.63663724607053
441263	2.77020654538985
572	3.47826382209378
10594	0.154997021596633
826	2.50694859933239
11224	10.8922542518981
6158	3.21671137590354
1982	0.383941118876964
8664	4.8096537544968
11315	2.83217710641982
6727	2.98149661703166
2665	-2.19414659224014
6135	4.89398907701122
377	1.21239654153095
6144	-0.293955764330563
6152	9.69621637221451
3183	4.57596328016604
4735	-2.30395325576543
3178	3.21746839207153
6233	5.55664570284728
6207	5.08383103831548
2197	5.25423188084988
23435	-0.948409787382322
1072	3.28833666284983
6141	1.82906533743097
8665	3.46777330528893
6193	2.94827261166117
6155	7.52560958561561
6164	5.80818930589023
4677	2.45224987344591
56910	-1.32871245408517
6143	4.45624954009396
5250	2.23362056498548
6205	6.91131973402412
6133	3.45180318135368
1655	-3.74983242002307
6128	5.21576491601148
23399	0.365007282778966
4736	6.73529983754013
11335	1.94138352080758
6139	4.38827940360514
5690	1.9199855546773
10657	-1.39802242640914
7919	-0.244276900210576
51493	0.104578623320075
2079	-1.0554988697281
8683	-3.01547111544203
23	4.67639011752414
1603	-0.268088992896593
7528	-2.12097662625195
10899	1.70185457322347
11143	-1.87494167697815
7705	3.9986442958883
9092	1.64385068839115
3608	1.53548534539084
9552	-0.53288670773233
8882	3.05841756290188
6881	6.20858752388637
10438	0.974949507158777
4841	4.08946313192015
23020	-0.49440200209798
387	1.71416192040601
10921	-0.283486631402967
6229	3.62611931013391
6156	6.13315152926897
4869	5.10800670541921
3326	3.94554093868192
375	0.25552430416542
3550	5.91605574732609
8724	-3.37246669752987
821	2.05935077887701
9733	-1.53547307335397
27013	1.44384814410218
10285	-0.247219280110353
4670	2.90522542502435
3184	-0.31270153502589
9045	5.53544420668965
2987	2.67621207037335
79036	3.36217011082652
4946	1.65404617542727
533	2.51139763238588
3735	3.52680206070447
3020	3.83949592107263
6194	5.59265052173374
6201	6.30744119425165
23326	0.637045693015724
10944	0.24272313115869
6923	6.03221979728553
1327	1.80622160637499
10959	-2.07444419167393
6136	7.34001322626468
6124	8.35809953351703
2339	-0.456522696427173
6230	5.67560021902458
6167	8.03596154027699
3094	6.81224214980453
1938	5.57168859267167
6204	8.54307221843381
8992	3.92137669283533
3190	2.3084644954926
51433	-0.686652331632147
6189	5.56762370369341
3192	1.7251016286125
8661	-0.0357336591156947
7184	-2.5392468509449
4478	0.0872760374472482
81	-0.00639626164216234
351	-1.49654706933422
5573	-2.23045768861839
1832	-1.95249945355645
5885	-0.592410433083017
9948	0.288645058165747
4691	2.21361004567091
163	-1.44094670123143
1173	4.56429168860474
1213	-0.944068442114157
9761	0.538940481893995
3927	-2.82691389387066
10992	2.53816540545741
9528	-0.933324035226997
1465	4.02679552913995
805	0.0542232434975364
808	2.92194185085929
9782	1.05103765597648
10487	-1.81136593355508
10728	-1.31775774020145
7453	0.783354361481096
6418	7.77911164935204
10397	2.54293249103424
7314	-2.53220322318016
5216	3.75566171703086
5792	-2.01376101651135
7534	0.248651494315663
6647	5.7203675568559
3069	0.424253817993927
65108	0.511941949361987
11337	-3.02973090960438
4924	3.41120276540971
8663	2.42002052614104
2752	-4.66115378400067
3939	4.04425609414752
10399	4.58678648080831
6746	4.88154508983669
801	-3.37353372003413
5034	3.11641216090258
292	3.7335900368553
5245	4.88117005971008
6282	-2.26663220021233
5476	-1.192732557674
9804	4.65643835667433
967	-0.055797914850206
3337	-3.37121631540288
6678	-1.12552844084424
7323	-0.709934998886731
7494	-2.07416380837189
6711	0.00577616218404377
9741	-1.65830974702579
6161	12.2452108171708
975	-6.76935841302232
7332	-0.658021957876227
754	-0.461776910331395
2896	-0.757613104924283
3146	-3.7434432911331
2739	-0.752442816521795
9295	-1.97803377036842
23450	1.41630068622163
1937	6.17640427681901
3313	6.03452294100754
10971	2.79592000852462
57062	0.105329855206646
5518	7.9040252853275
2934	-4.77054364530505
3098	-3.32591627032628
11014	-4.01066925054729
10577	-6.00406517270701
8655	2.05020143738862
9516	-0.139289880776789
1933	5.50857962849698
5589	4.70099407938537
2806	1.29884560793521
2280	-1.41634503329855
37	-5.26293157328784
6500	1.69285368586806
22919	-1.6856710530355
10956	-0.43199885252835
23521	7.12196065530175
6129	4.12314452571851
10121	-1.58043178431375
4076	1.1770071221001
6134	-0.545460788766455
5501	0.952870417370047
10097	-4.49722123903306
7803	-0.865250432038219
4666	2.31691980019227
2876	-1.11940053257792
5230	2.40021511406349
6612	0.613424656836965
6232	8.35107872842719
1200	-2.04126405918105
2782	-1.44920599262839
4926	0.444533600407075
2495	-4.36505854452966
5901	4.34720505614531
823	4.2918288600182
6427	-2.94827133405594
813	1.47024981782699
4779	-1.01754391622963
10550	-0.921032989781793
1808	-3.65630633907765
6176	8.30792706139916
1495	-1.35022259638262
1509	-2.22676693854003
23196	1.31310089067797
4144	1.69569749201068
3915	3.70050158319481
5757	5.47553195043825
9689	1.36702889637494
468	1.77351474198783
2778	0.780611374043574
6210	1.26230783893135
308	-0.847842753838507
3925	-0.533283515308863
4035	-7.15786838460213
5695	6.93353667310533
8682	-0.242110963418278
1891	2.85598104921586
4953	1.25766214871411
8826	-2.95780445737219
2547	0.047968944632973
50	-1.80947136695471
9802	-1.37713558456218
8404	-6.13351176822779
4170	-3.34676993016541
3303	-4.63661272710354
60	-1.65833738456412
6301	-0.447582262938913
7009	-0.257317460091627
10960	1.33319774458577
3329	2.57013689529232
7791	-4.41665820247697
1153	1.76691317614905
10574	5.22350012181904
5048	-0.433727188176823
5720	3.1461930011719
539	6.8693149705861
6209	7.55323335722912
5714	5.39955290789564
3920	-1.20576699213602
7167	2.61078575544685
6159	10.5548158128337
2950	-0.464790466710026
10525	0.617269557116189
6633	7.36647531512985
5351	-2.28693910309115
7756	-0.568718635420354
5708	7.24575296675021
6319	-2.9916893549157
5908	-0.670258165896353
6227	5.76307081092883
4134	3.71979629212402
10134	3.48806952980727
1508	-7.66889608503774
2058	1.94105540214726
9588	3.47917868839902
5499	1.06077249130781
51669	-2.12516366115016
10768	-1.88555003516015
9798	-1.48940403592676
2783	1.18043223372618
3015	1.2207582443403
9611	-1.46623618411491
6202	3.67490813509513
2316	0.741688535234377
23019	1.55588522554565
1718	1.18280825043891
8766	1.194271816926
5660	-3.99218425787066
55905	-0.0082861170172868
6142	6.99050576459832
11171	1.63023344941948
6281	-0.756641214107268
10694	4.0251325799948
10528	5.05442942043966
5689	1.22835366369329
10575	4.60605647577062
2034	-3.78145446951406
3301	0.987556884331592
5710	4.96918426287387
7385	-0.207832117923922
1152	0.588146090450148
333926	2.12560820310065
5223	1.66715626917525
6772	0.617643396792912
9349	3.73430192197243
6745	-1.04498393586036
6434	-0.917422813241681
2288	2.27327877208753
3068	3.09019167286057
23022	-3.03022981538775
10724	-2.19972875468448
4074	-1.44267733157137
9403	-1.42180984141755
191	5.25602512479648
3133	0.792010819263511
6181	6.85804182713121
7203	4.93542193516082
6867	-1.41675822144408
1974	-0.307603140836563
5496	0.225923841614163
3895	-1.10976364869535
8407	-0.520542967880803
6734	1.02025082028597
1912	-2.85661901882495
694	0.961906943315202
10945	0.276290787465348
3959	-0.085739870868343
6520	2.76632686100026
1337	3.95340365446906
6228	5.57331736169331
51552	1.65265239607593
10972	-2.88125026964793
7414	0.270614009143254
10540	1.43628577409649
6191	2.9319674789843
7913	-3.67438823243769
811	0.106491966410675
6132	6.29834005731846
6125	2.23651517059779
473	-1.39030347307948
3281	-1.06198233227371
3150	-2.47585259831159
22872	-5.39714511632519
2746	0.107908169017641
8079	-0.327309502891146
6224	3.55876448001719
10552	0.9569123768355
894	0.24888261156181
527	-1.75647396000362
10989	0.580539600664951
6749	6.76898926800133
6386	-8.17006976831678
2521	0.19121122119688
1211	2.79180527913014
22928	-2.53032900188668
6160	3.17859917534105
7317	-2.41750157857979
3983	0.480581428488471
226	4.05473313048539
5479	6.84581053035348
27230	0.597086683416228
10099	2.80530823456355
59	-2.11753324363483
5538	-1.49144047700576
8887	0.44879056727588
4190	3.29740675582077
5160	2.07910277937843
309	-1.30560573491403
966	1.61612225519184
710	-4.26739488933005
10197	2.71123143807944
3091	-6.038437401287
10155	5.95400564873316
9784	0.676412172264955
10527	3.82188790428212
10096	-0.344559257926039
5936	0.122411156245329
10970	0.228999700351139
16	-2.26642616894689
7335	1.03786348643728
387522	1.37250229592337
6748	0.753411980376171
928	-3.13084252528195
7001	3.68455179338749
3032	-0.377609925750154
10628	-2.59169572212642
6184	2.65215443920238
301	-4.16861474294033
10606	4.90822248374847
3728	2.4334916507462
1964	-0.460215725510333
7533	-0.115718729724768
11034	-1.60597482017201
6879	1.74438027690724
9669	-1.80893910948592
4267	-6.21775826879013
3945	5.9467152855672
3187	-1.48426222331827
10904	-0.0723435943872753
6175	7.99821831510811
120	-3.071872637494
3033	-0.884373451241163
5214	-2.05750321783764
8125	1.81603328567487
5886	7.53996351679371
2771	2.7463536528924
1843	-4.13380597472432
7052	-3.31818563737241
5870	-1.12529695628987
6222	4.94630023158164
23646	-2.70582400590099
9491	-0.0509938525811295
10949	3.99422951157474
2804	-0.607793956431536
10398	0.425180539489322
2017	-0.063698440463596
2040	1.57927056817839
5954	1.07541165392191
8761	-0.935595788971948
2969	0.0233706070968833
1537	3.2969514662155
5701	2.06406326761109
4313	-2.33261739664827
23451	-6.79193358385409
6599	2.37988042384117
4809	1.62536350797757
9375	-1.90282181365128
9144	0.00818282127870192
8396	2.17158345863733
1639	0.902682334106317
9774	-2.7298257334095
6651	-1.19200406143159
5829	0.2373498941441
3838	1.67047538224628
526	-5.58034673901495
10376	0.288494190711669
5931	-1.49688561414243
6389	-1.31985703805811
6235	2.8523150085228
1611	1.21241890528793
378	-2.24056812299852
9276	-1.21466781498057
8239	-1.81592402212572
5211	0.183791291229335
149013	-4.18995875209268
25832	-4.66758722874434
3956	0.187215115928771
2879	3.95204443067774
7057	-1.98019120139162
1434	1.48137701123095
7284	3.7088833896323
5688	2.82814244043974
5425	4.56735073086275
1363	-1.40197476690467
5226	0.59107631205759
1351	5.65958748531791
10857	1.70378321512789
1984	0.131118782818329
3693	-2.38174543593005
4245	0.45818257848753
47	0.709844451880559
6432	-5.36711160664814
999	-2.63841040366586
3188	1.75087639102623
9867	-1.7967524648676
1350	6.04349168461936
1892	0.0183022798223148
5355	0.252437560822661
3115	-7.17059429713888
6741	1.56361706343927
5878	-4.08606306629966
10457	-5.65648946267872
1965	2.41225814745691
10456	0.389221059442278
4780	0.213833721377393
7078	-5.84092052660811
4154	-0.504104500689039
9927	2.56182186682102
4836	0.983573736328604
8531	-2.3643929799909
3490	-3.45029469413687
9698	-2.32582556475677
396	2.28169451301814
8553	-3.86650326122399
10726	-0.142322689843002
54386	-1.41186984267685
51075	4.04354893887267
372	0.7632209072679
10054	4.07272368938989
25793	-0.116043844829331
2773	-1.99576848860801
1108	1.28129286286409
5654	-4.81485569487613
4043	1.04250653583022
3710	-1.15652782752385
5306	0.854958557047161
3417	-3.11283652864367
6415	1.89720469191778
8140	1.29839799776796
262	1.04144751866113
5707	-0.348237903088833
8804	-3.60347704164915
1476	-0.646948081743431
5111	0.863984603323357
6238	1.50898667942816
7126	-0.977101142258838
3065	-0.997166359973557
1654	-6.89912042215169
5641	-6.19909896254028
5510	1.54018211165822
5358	-1.47961733947465
10961	0.788727743410705
6122	2.35612858185472
1488	-7.00595942381542
6625	-0.312270067407554
5887	-0.16308298855618
10250	-3.61005086457855
4714	4.49895968206066
10425	0.750119409701267
2023	1.99194697621645
5719	4.69691296463974
3611	1.37066395097763
7832	-0.481943613457324
830	-0.093059775600923
9789	1.74262668805266
1653	0.715261760045524
481	-3.61873844788423
5894	-1.67939942879166
55611	3.15152869987991
6721	1.98799081534792
6513	-0.071556739356239
5315	2.10865901195524
5704	2.38265450579994
10423	4.31752876544392
7917	1.12698955668724
9167	3.59511661715809
6217	10.6242833216188
6856	-1.5288176564292
633	-2.50314929385533
6897	4.95155955142932
11316	1.73260217824724
7296	-0.78080695739917
5702	3.54486541432896
4831	6.8855024337129
23386	0.705215025312005
22913	-3.08180858471734
231	-2.23672101651983
6726	0.787086372370582
5686	2.13908691765529
2224	3.31291026746171
5869	-0.0275433430444154
3182	4.81172579792534
1601	-5.00354051789385
11047	1.73751744660546
4967	-0.277857676595566
22906	3.39816056356859
327	3.65278147235005
23608	-1.72581462893662
6382	1.47319298503236
397	-2.3364474053574
3491	-3.10508937402319
23478	4.32158066175143
7153	0.896454179548587
5478	4.79626316068922
26118	-7.14903757070363
55233	-1.49735293656197
5621	-3.85347140514284
307	-2.00733117531738
9775	-2.90085967657093
4698	-0.215979895175829
10541	4.8466007883613
55752	-1.28531511605039
9315	-4.05437990435028
6451	0.23513750711273
2026	-4.05871498567855
10494	6.27268259187073
10581	0.237975145019535
5683	5.33091250260326
10627	5.16410692370865
6601	-2.13924746178965
506	5.74143813971146
10969	2.35900812174754
2012	1.48588943303954
908	5.34263760007077
2114	-3.20673235443893
5917	1.05909845274418
6778	-2.6683580081618
23365	2.89142933679114
9341	-1.39784799137162
2971	-1.85997621498704
6342	0.201543933069851
8507	-1.25798608029292
6631	2.43542956350633
7322	3.04347074992233
79602	-0.594387587249483
9380	2.99315689756257
2878	-3.3150677353132
9368	2.09792522638941
2319	1.26599666455575
10730	-3.00395823146161
11176	1.22432704609531
10291	-1.35429633254157
1315	-0.70129537629285
1471	-2.74993254288934
79073	-0.275233699167761
10625	-4.6598000369246
4947	2.14389867677989
310	0.849171944379085
678	-1.33349720948297
8452	0.108662107892711
5339	-0.973171292808911
5516	1.78295458108091
3185	2.0914859402848
9898	1.92066935242955
7165	-0.732753760625958
10491	6.14135000194285
27101	3.94359639168957
4077	-4.38373144096079
1665	-1.2314866026588
7345	1.12544789386259
5709	-0.0309946462693284
3678	-4.70298014461861
1460	2.66803586295524
10131	1.92907982849659
3482	1.22533511508746
10181	-2.06276759957627
6449	0.889167545879635
26227	1.80506203085046
23471	0.243500243295755
5691	5.66966041781701
156	-0.370230222405858
4259	1.3455649833701
10980	3.18664587748155
6173	7.85336951688343
5500	-0.140203605824229
55041	-1.50883942788474
26020	2.04703846531014
3295	-0.376707879578198
4676	-0.555855088161067
2937	-0.124902339308594
6659	-0.893945992437513
8314	2.16801814595415
79084	-1.57295389827563
10437	-0.962883506858769
8451	-1.73992274871524
217	-3.14870682703486
7431	0.82158231839058
6414	-6.13181438569573
1364	1.98668793049355
6168	4.59127192367135
1809	1.17548502577661
847	-2.8104449683377
9791	1.32105909550819
7265	1.12545221485479
1977	1.19946398025193
1293	-3.6515604137155
8729	-0.959352627730589
9416	-0.217415391790575
1340	5.44640465851416
10159	-1.13255574054171
1266	-1.66272163915427
7072	-2.40447065518314
6009	0.701263884992433
9520	-0.524798614299895
9184	5.51637976227826
10856	3.50695552102698
9261	2.99441701825137
9805	1.76904030996668
6888	2.29455946389305
3725	-5.5731448539312
1728	1.25146060717136
6464	-0.48315253978311
9446	2.18294904709037
8878	0.49581404517898
7411	2.96666520433103
3726	-2.09966504703033
3675	1.84042949645178
4141	-0.125693008756317
6240	3.63504801156111
1736	4.25490139128274
6829	2.50946909562919
5834	-1.88120288857565
5768	3.53994612592798
6827	1.85377104280162
5955	4.6073822941619
1075	-4.16111556713137
10105	0.996263971159866
10598	1.67802792159398
6171	3.72974657575291
23369	-2.65752725046273
5547	-4.74577608541124
4629	0.99792523535095
7874	-0.369220001570632
6992	-0.686842001363258
2926	3.79155469636169
4792	-3.30246124373522
10146	3.45307140216588
7247	0.784989465787981
3912	-4.55180022770798
7045	-7.21212455063985
5201	1.25727595351493
3487	-5.34114531287885
3420	1.5812767176716
1999	0.478543734805083
14	-1.32111638758424
9868	3.81540775978001
6723	-2.17066717644853
22916	3.57980719334952
10951	-0.576248999778747
6638	1.32206614994565
7334	0.562512587987454
347	0.174326016584727
381	2.5356239668371
9296	2.40479143149276
6117	1.52519455754711
1973	1.69699179761761
7538	-2.97695093394613
5684	-2.34386030210878
1499	2.21182204799814
5412	-3.45841151219655
1845	-3.03457823743988
2273	-0.0360351117515558
10467	2.46461158778631
56681	-1.29493886701979
8106	-2.06387445383633
9320	0.729862298292235
10765	0.893512319065973
71	0.103269246233008
3916	-3.42246227764057
2992	4.49254049407193
4172	2.90417767870984
6844	0.9456688111835
8480	-1.79561817531235
25932	-3.27340902906478
22883	1.29562074424571
6652	0.377044055550131
6624	-5.59188868158135
3398	-1.35316274674783
2803	-2.5661922954628
27089	4.8104302298514
25813	-0.36602176526402
1635	2.86243776749329
2107	3.62454562067827
22938	-0.402797201720859
2720	4.1904665736335
4830	4.59589348390967
5420	-1.03857115908272
2195	0.201072877611344
56255	-2.12333981290201
10483	-3.22608335134797
10212	2.57764522207427
6421	-1.54348785136862
3654	2.22491849771405
9352	2.58326371591672
8243	-1.53330978837623
302	2.16704581447991
11188	0.590910830555299
8667	3.86938909557838
55854	1.33514381927566
9989	-1.6841667549669
3875	-2.21575418340912
1347	2.47111516955196
3636	-0.486886592924775
4942	-1.78347310248453
11331	4.13095077942815
8519	2.98151753639122
4659	0.0479759268499372
1265	5.63951736300897
11137	2.48661864645362
23463	1.07605525744275
223	-0.428784845736109
8906	-1.39515665467372
8607	4.7804779220844
800	-1.75126872135105
8733	3.2587555324159
10935	1.13181103827396
8720	-0.338309471401516
4681	1.0952342819958
27044	3.34256380643151
1615	-0.186327228602555
3638	-0.342400523349547
10670	1.77559604642855
52	0.581863321544886
8870	-2.48386171309787
1967	-0.552288453680527
80777	0.11087660025492
8087	1.87322242483368
29894	-1.72773450832285
1209	3.24651324931848
684	4.14311357514805
3460	0.807279434475203
51780	-0.165363024490531
7264	1.62247376521818
3371	-3.43163350363332
950	-2.23778803874832
3716	-3.0705641903019
9246	2.14860286948109
3880	0.582600360784473
11252	-4.77837717325998
10987	2.35900828309803
10175	5.33772214377697
3339	-2.74074071750574
3655	-3.41625081439413
400	-3.7075340648184
2181	-0.0900522516037519
10051	2.49069310245483
6218	10.3332528194261
7076	-1.30025056907553
2697	-2.35794920159616
4082	-3.52911791423045
9097	0.650617906562973
2997	1.94143044742
8165	3.30907871900009
5682	5.53526785061669
56941	0.990116123093149
51593	1.46809830110624
9231	-3.68671819964631
9512	1.1280054871343
9878	0.0928690866856528
8539	-1.80465222060136
7163	-0.162303178706787
10280	5.34535236865884
1958	-3.00571281054469
4860	-2.73666250054783
6429	-4.49451911741989
1786	0.386585019866859
5706	-0.141236301469475
896	-0.745588580530415
10424	0.561301162971999
5514	1.64259729123915
955	-0.650310096265361
5713	-0.419680677990237
5824	-0.706603046367415
8508	0.578375339816112
4605	2.53093969766689
5903	-2.44440596166347
7283	1.53527925286608
22985	-2.17623316618769
6642	0.813713055647344
740	-0.511703726715794
2037	-5.51863290971447
7805	-3.55322100951743
2589	-1.06364510923263
8872	1.18602595237762
1994	4.68509257798125
9703	3.53939544847185
7175	-0.178433386812367
1182	2.40540093425839
10299	-2.87841821038574
10289	1.00899666330798
6446	-3.48964464797715
4722	2.7623610218136
6426	-0.932070703424287
929	-8.26384086018538
4060	-5.8339973490872
5756	1.34061378072196
7157	3.37990364918364
6294	3.19426411318574
1889	5.29381368472869
9929	-2.06791949954879
1345	4.54298523593474
4174	1.66215777842185
6118	-3.10930762677258
4725	3.94196077029359
7251	4.31831548754321
6904	-1.26029430110446
55884	-2.41970923693322
10797	2.98094229207782
5721	4.75910184706155
1616	-2.12513900844823
79022	1.38967865932179
3073	-0.679439176857051
60528	0.581057261585471
9685	-0.397368437765852
6626	4.23038817895259
10067	3.05892280768458
51582	-5.11921251727534
23394	0.106663735524448
9918	3.03758949904958
9813	-2.86933743725203
11342	-2.06612923363462
9049	2.13564840311013
5970	2.66340007192117
6035	-2.93338721908573
103	4.10181334801765
2192	-2.41777720982791
11325	-0.271233203470315
51635	-1.58267511866751
1717	3.55689285215195
165	-0.593964567877731
9887	0.255992975260829
3930	-3.31346216186045
7407	4.49418445557987
26509	-0.565875720401115
5007	-1.39994118316345
2030	0.123542422242646
5431	-1.34848229349595
1155	5.23364070253989
5571	-1.30778932193196
11273	1.86437735145591
9559	-1.89199062977414
2022	-2.28179183360533
9467	-2.7659339546771
54543	5.1906063557622
9779	-0.738703373505345
2631	-0.883813931352407
9690	1.13265175805631
79888	-1.87934903478229
949	1.81525134742076
3852	-0.697863037144679
10440	0.643141930484927
9604	2.77693666259511
51097	-0.929364163593543
6603	0.367966889554759
8933	-0.510922415838811
10276	-3.0749551558019
8615	-3.17056027862788
3066	0.301102704455434
5564	-2.06061242574498
9913	0.552782800262135
4072	0.421131380782213
4738	2.01043420417964
3315	0.100150445544338
2202	1.72407556880497
23429	-1.11258188095348
3988	-7.81792113751681
664	-4.24770430666832
822	-1.69130970919363
6455	2.9110007550711
1281	-5.21568789560989
994	-2.93265509924113
23300	-2.41785813985301
51663	2.02422683722134
5552	-0.828891163492353
5327	-1.82420089172149
9208	-2.58898983223397
26017	-0.0261649281513779
2664	2.10103643408788
2908	-0.13271464196857
6907	3.75215954780901
10953	1.23415448737278
51035	1.89856785333272
6059	2.52061511984864
9019	1.06221319734146
5445	3.91331474140859
5527	-1.23859488271529
25820	-1.06555762390121
2683	0.249214054297241
1048	0.918178811798205
1727	-3.1290732185918
80344	-1.81392042129028
3597	-0.724576000103513
10447	0.0937290019691513
6241	3.91524430499374
567	0.701071177713748
3615	4.78272382656101
1634	-7.55255457534137
369	0.0178737392949059
84722	-4.03937878398519
1163	1.60006386071096
7319	0.822112810706922
10327	-3.27071425433689
7384	4.14777595626041
10217	-0.831717331513535
1857	-1.95843759606959
6192	1.52477024475525
10160	-3.58885904805566
2935	2.64976579426528
80347	2.87445736716199
11231	0.776470444460189
55186	0.93164796650261
6574	0.847456375550574
552891	-0.442983560878546
10412	3.67794390133531
10549	-2.41656164479567
4299	-0.0462947062815239
1604	0.333216366859747
8502	4.95099350386171
4175	1.77773708481695
2108	4.20389235179778
10489	-2.71340753549793
5119	2.18297264869239
80335	0.324490466910632
8672	3.12574827218353
23549	5.00802339551728
8099	-4.82760942931203
10769	-0.314606765707167
1362	1.08662446963742
3074	0.335929496042652
5045	1.31601942351034
10576	3.10994068620043
29889	3.11490857842493
832	0.687965134461192
214	-0.562050056174181
10519	0.742648935169764
10095	-1.31308053036526
892	-0.183963647219478
8443	1.2337764560329
4660	-3.54625462069625
23077	-2.31920846181089
10193	-4.8126528563465
2180	-5.92741499368457
23064	-1.98263919623876
4720	0.324157373927208
10180	-1.15977985063958
5236	0.221921413818356
4678	1.22397331049373
523	2.22316854920178
51622	-3.15703927100433
6249	-3.10307939851962
4651	-2.4696580684816
9812	-0.180306920850634
5536	2.76090168989931
6251	1.02405788915001
5069	0.936483677749626
1956	-3.49702293510783
9897	2.25887456125208
9969	1.04120292030091
1389	-4.61701803133802
3799	-1.96996098397086
9987	0.886702284175267
9643	-1.48914350646715
2131	-1.25503879276485
23013	0.452672284639266
6480	-0.608805344458328
6993	-1.21389423145467
4700	3.43123892799078
10449	0.709559795495607
6391	1.79499912041371
6768	-2.7866633187325
5782	-2.51221963559275
4811	-6.46900967448073
11344	1.1609085378047
57862	0.667086092800258
7082	3.04002761620543
2132	1.7918177955379
23645	-0.93359614234957
10988	1.65574723256659
4232	-2.40593385724619
2052	0.075953501671149
4057	-9.33230886880085
10314	2.73442610484543
10209	-2.24090181060319
230	-0.143267127618124
1942	-1.278811109195
439	7.56297765949829
30	0.641221305356839
6392	1.46988181959309
25829	0.198733345100207
6169	5.84303698142566
10295	-1.65825106344041
26100	0.906193447916255
4122	1.87052797383728
9821	-0.137240294324802
6422	-1.03018728273288
9354	1.79135192157726
399687	-0.504694631026122
5927	-2.42396231346097
9158	5.67722496669785
3035	0.812914321039874
6611	-1.99589763527043
2909	1.87783088886772
23466	-0.515506939012925
9202	-2.2849816799917
26064	-3.77623570503821
224	0.0505873455222634
3836	0.127785786912244
9646	0.00911758867869845
6400	-2.56297761725713
8500	0.302787871475679
3949	-0.172736062318852
3419	4.15124413723209
6385	-0.247345931069747
3191	3.19256415069589
10133	-2.33611748304165
5360	-3.70791346547061
329	-0.411902928440472
4706	5.11493914542857
8533	-1.34917850901754
9592	-1.91077126076523
6397	-4.74346003383483
9414	-2.41032169578109
4599	2.97426662544968
1514	-5.52843865041794
25800	0.589214638958571
10975	8.2101542182638
23568	-1.47074170381214
54623	2.23964289005079
332	0.394517684345124
706	-1.6770762939832
9972	-0.88307041056259
3275	-2.70925915518693
9993	-2.05834634838919
5899	-0.860933983682896
23476	2.84766557685614
6687	-2.71625810983805
3476	-0.0212340271345672
2802	-3.28767211323377
4171	2.50425966853122
5184	-0.731062021677606
23647	0.240826475771343
1349	4.32372885300391
6522	-0.524492338868978
7450	-1.74734848435587
6643	-1.73435449838791
26155	4.46877251505544
5977	4.02356999566582
392	2.196672218882
8895	-0.452886230686081
1175	2.93609479251494
27243	4.24224975437128
10226	1.10664374561351
25	2.4482494933317
66008	-1.2109594042605
8899	-1.45836804885649
9870	-1.79654922761511
8780	-1.99428423270597
25937	-0.732928086582915
10120	-0.837437955605626
10771	-3.5846170042113
7965	5.53611297008871
8574	1.06699993323553
1198	2.01340165213053
10920	-0.255120057636937
158	2.94658178619113
4061	2.4398627036338
3475	-0.139296592977968
5831	1.53602754092674
4739	-2.12273659810034
10422	1.04420214297182
7392	6.22962672415445
23636	0.684125172618839
10381	2.8937307599141
8021	5.71562395001054
10659	-2.6453324969425
2193	3.4050001958266
1387	2.01879212192026
5585	2.5580702718262
9337	-0.115954922225565
5504	2.44820605284431
64210	0.486369405874525
6880	3.9949190961081
60496	3.95734118080235
7716	-0.927757894544651
5108	-1.37169082031195
79586	-3.16462020791584
2071	-1.35278700731894
5590	-4.0071523165884
642	-0.0335168754207303
9961	1.33613706019697
9766	-3.10130721501849
2648	2.97358018831215
3835	4.00167408374476
55746	2.05799320011851
8985	4.96246245338187
5525	-1.89979005229204
9688	0.401811688068037
5725	4.21934117811143
1477	-0.750916565815774
8522	-2.12371470305655
3985	-2.53011726402101
50999	-2.45285379276735
27122	0.351723857253881
8897	-2.07346085671073
6732	1.93678811277306
645	-3.76139279717771
3910	-1.72567174864799
267	1.9636431213521
7408	-2.46801913007378
10123	-2.56469198324011
27258	1.00298986387099
2931	0.870559587770354
26286	-3.24992219795645
23481	2.44178130921555
8450	-1.65473984895693
4802	0.121956135921276
8209	4.67558991736291
9415	-0.996248588220115
6535	-1.20095322504858
22889	-0.0307919860374954
2033	-0.0229027145991156
1674	4.21097829142536
3703	4.29312770969952
1398	0.465143489767435
10902	0.976937734548711
27020	0.0536277209625489
10523	3.55701593782116
10480	1.98358120405609
7388	3.40115621352292
6566	2.92394043868201
4837	-2.64317584877777
143	-4.57651683596585
5347	-1.70292909130611
10221	0.310483569406553
7102	4.59866654813063
5692	5.97417490952132
4047	-0.609729404134096
1019	2.16890200422873
9112	0.836521983207524
1874	1.73532578715732
50717	0.904164770687201
9129	0.0484794490136891
5872	-0.99023264165455
1785	-0.677180152732181
26037	1.99373316608107
10421	4.63622662886481
10443	-5.44991583197232
6812	-1.94464128813423
6944	4.19581556922783
23564	-3.80064411673181
51706	2.13798409223579
10452	3.84752395476675
648	2.55883481693122
51567	-0.0863896130673633
3918	-0.100022754969647
8883	-0.632036023269413
2633	-1.08073360958765
23219	1.51274083894033
5159	-0.754591872259599
72	2.33202708816301
2539	0.764575427650792
7979	3.69001485557972
10558	1.03061698706029
9556	1.62798573895398
2580	-2.60373611006571
3028	3.09072083139716
5176	-3.16180973137505
1026	2.33623058896315
4070	0.407407826654637
2475	0.0956037080546226
10579	1.42785697197913
11333	1.03106574758225
4256	-5.10237153202817
11313	-1.46070884675192
10274	-2.45341875176918
1512	-9.99769116517813
11079	-0.279277621024356
4694	1.55371305534488
10542	0.716303291966242
65117	-2.85036326145493
8467	0.175623788390623
22862	-3.27727378556916
9637	-4.35532751942095
5436	2.38705036216204
6890	5.36239423467232
6720	0.64682206175883
4522	3.60107666600789
1277	-2.22857166229541
5520	-1.78730811449049
1595	3.02448734308522
613	1.79435608383331
10277	-1.82538605624909
26054	-0.219323886293411
2975	0.985637588034671
9453	3.07195448813826
64746	-0.486950103140136
522	3.77447270221469
10919	-1.46863786613327
5310	3.70429244055796
1445	3.50124554149371
7374	1.78189406656939
593	4.86937160548228
1454	-1.15867822571831
7320	2.69655239500588
5066	1.6891524146155
11243	0.73661665530927
7083	1.77198146128626
8189	2.88425245532865
3164	-0.183605619209304
23321	0.0057002672644098
1329	6.78857291553249
3297	1.39921706757526
2171	-3.46913794969893
3093	0.159583329753665
1861	3.26298019467093
4147	0.214459504685304
3685	-0.71677211134183
5718	-0.383613729153676
2962	4.63789682279686
629	1.38659269639888
399979	-0.0622721172561319
9794	-1.22596339738211
9632	1.3449393926499
5906	-3.82690435220958
6695	-1.19562801623814
4601	0.168100122692129
84747	2.75883729085276
35	-3.13798716414431
1523	2.42321656626723
9697	-2.41677969466963
865	-2.26522250803943
79921	1.85672526376701
25782	1.07208890643767
9871	-4.44400881895545
12	-2.16038963199078
54741	0.588300607385054
4820	-3.50239788626476
8754	-1.80809962951681
10007	-2.47482058837977
8242	1.52338263493572
6949	7.58248823067909
9665	-3.33356198527293
573	5.84777716170908
5997	-2.49572080862093
3064	2.19654860149305
10409	-4.94485645422958
23761	-1.38700744814057
7071	-3.24052399065848
55324	-1.22693736415106
4905	-1.83006615565764
10915	0.999986310663204
10204	1.94304645430865
10239	0.572049954379289
6722	1.73377433200251
833	4.32462958141455
1278	-2.83802089575418
7073	-1.01739083197549
26121	5.57869079640984
3481	-7.83857317658927
3429	3.03970594406286
7398	-1.33450135716908
2073	-0.69412459981792
23640	4.82097771695429
7266	-0.4014801531345
9817	2.45573776982381
10897	2.8667958365572
2531	1.41342785920527
1660	2.83399074449878
3321	-1.94210129490188
2182	0.652034664640491
7994	-0.73429824164124
5605	7.09530049219643
5530	-0.478328498780685
6256	0.596411052719036
25874	1.86950375333827
1622	3.94132966422682
5359	0.0371311927140784
4609	2.57155725164122
5532	1.64937058019207
10237	-0.502651705381106
1545	-6.13824981446972
3423	0.130950243345062
6764	0.370055454114255
10613	-1.33893320560046
1176	-3.12217269631824
4853	-1.71308453539102
1666	4.11604188526255
10444	4.49570453133995
1513	-2.83235598617726
2965	-0.164131457017904
2065	0.327741203753078
10014	-1.26817569358711
11098	-1.16423690359608
9663	-1.88726642260911
8892	1.83885998097863
9879	1.93269953025904
53615	4.51576549257755
5209	-2.92732779502168
5118	-2.30447038090571
11044	-0.646471172953049
9318	2.85173669991328
8727	-2.02764374558468
11052	-0.551951551710912
3421	4.17631059940564
4351	1.87469374397593
3054	2.81473581855672
10430	7.5564838862485
10844	2.04772116106277
28951	0.314008021898033
9191	1.61325804060551
9249	-4.431377620573
5902	3.89480315982051
8932	-0.176454862588924
10939	1.51316995382788
94239	1.78291197671755
5349	2.3861853640722
8518	1.50123857123219
79065	1.25504472653046
1442	2.74970721108448
10450	2.73931355111941
6903	2.18659324424354
23644	-0.0793062753356084
6515	-7.10671029302787
3300	-3.43610024761933
10982	-2.82929767588658
34	-2.64201512828657
9768	1.97842431482377
23650	2.45562173556325
6629	-0.390504829388279
6744	-0.968852111256503
6616	-0.0611058333628232
7127	-5.89225925852087
9474	0.00444330645351346
5528	4.18250400613519
1739	1.0604418378711
1400	0.577328828678493
9275	0.876632740600501
22877	-2.13424170268895
4292	-0.142360609913725
10664	-0.240264686788965
23760	-2.97152700494242
9806	0.620517363184452
5652	-2.71051384015556
4089	-1.63385179798454
2582	-3.93385912784641
5635	-0.733959657898797
1432	-2.96872260645401
3659	-0.894141244416506
1719	5.13335365167781
8772	-0.827144192405626
25978	1.19578605240678
3156	1.42076609476649
9255	2.78161619583054
2764	-3.26216230082498
5580	-1.24961183234544
8673	-3.1174908350152
8874	-3.82012366702141
9217	3.44087358604799
51232	-2.70544875081497
25949	4.02124992120427
2947	0.00979699809756634
4638	-0.2070189515102
10445	1.41521128881398
6782	-1.48863309618576
26097	2.53628046870107
8658	-2.02562024080991
11161	0.087269172055564
402	3.96615302953412
6840	0.347635653775461
6634	-0.671088346965661
4140	-3.35440739634067
22839	2.20688292461617
1455	3.34125932965743
1382	-1.7382304044649
11269	-3.1128173637163
55308	0.645511526521373
10473	-0.138757903970151
2305	2.06830094159466
3304	-2.84716018633671
10048	-0.567508035237616
4799	0.376143225990384
5441	2.90661037595906
203	-2.13196438718695
7298	2.07020592668978
5164	-1.14813779074921
6742	3.06101811398307
2647	0.434779489713041
51573	-0.0179039474621489
23484	0.04646188491539
2029	0.686381667453949
3664	-0.720821762501909
6284	0.00394260486989691
8204	-4.97252901842829
27336	1.23158188855001
102	3.49774556635652
2990	2.37356911215387
9874	-1.35740935592874
3340	-1.38339147797263
2059	-1.20112249394418
9282	-0.0504262872045491
1503	3.30267519584362
10463	-0.835611342709822
2776	-3.86329308819122
4204	1.48532981417579
5352	3.10667501790145
3661	2.60801811637941
6311	-0.590946536274498
55837	-0.680659826426037
23523	-0.815434183347792
4067	-0.106893164556479
5054	1.78947766536944
10513	-1.19989990148589
1801	1.39018970017776
11073	-1.20440602016406
5440	1.43920462113491
7844	-0.375658458508393
3383	-1.00009188632588
8498	3.28133028880244
403	0.234890489293986
8295	-0.426834182346077
7128	-3.96692733593291
4221	1.00795650561819
7812	0.979099469760487
4893	-1.55042715744188
6223	10.9296894493493
9772	-1.47072780144141
9926	-0.995810462539717
322	-1.65408552575711
64844	-0.514378408017429
7873	-1.15557177558209
9792	-0.424700936716827
8799	-0.0522140439378861
5699	2.69669142245692
3709	-1.03634741744468
7456	-1.83363359920103
86	1.6027319821934
7922	-1.68109199590678
1948	-1.32360645245349
5604	2.3002332515935
8566	0.570826807507483
467	-0.455323272802586
8813	-0.809119235789149
4008	1.70116586679147
6390	0.919039079805775
10922	1.49633808381944
5921	1.15108492822052
2958	2.8149019747874
4864	-0.455570662591939
2961	0.70008296281554
7375	3.46322756432121
8731	-0.438739364224922
558	-7.78565419928964
8743	2.8474247576142
29890	0.283469904344614
6632	3.53298555414694
7343	0.571588283788619
9263	1.7751456546007
9943	1.08233462502445
11051	-1.20758690918353
9725	0.86733203099882
649	-2.21687988909894
7726	-0.511874790981877
8446	-2.59165772043941
10140	2.17445601031013
9133	3.12144722228491
7372	1.44181446572535
8349	-0.207013791666796
2331	1.14895774875804
10282	-0.226040413279928
1947	0.403718192571754
1159	1.01199305764826
9692	1.37232540160718
790	0.991269047236299
5770	-3.98543279184336
8881	-2.32453556160121
3485	-5.10218576602492
26136	0.549927716672569
2673	-2.24355785627846
2308	-3.68586786031672
5430	-0.41242987378257
3978	-0.272617515313687
3459	-0.563191790209667
4052	1.24813021463303
27250	-2.36963227637984
11142	-1.25231667699675
8974	-0.781211590337411
9322	0.039649467471995
10682	0.771948304938612
25804	5.69028899559249
5257	-0.981338462757995
95	6.00501271903616
5567	-1.87869070416455
8503	0.824071787622232
6575	2.99800703022349
9101	-1.71704173375464
9452	1.79700802883768
2634	-0.502494903128174
7485	0.282864805839931
24144	0.0266877746040759
23428	-7.93669871833718
9861	0.375892491007127
23518	1.1565905712568
2817	-1.11910794000077
25920	8.68468082585831
8625	5.19416916148207
445815	4.50329409192648
23224	-1.91185675294029
9475	-3.65144577113138
836	-1.34180939046513
6786	3.53125811615754
2200	-4.2384191740883
53	-3.08477660072728
2354	-4.91610176252493
901	-3.42630832239633
9780	-0.450307202430884
3155	-1.89093667729214
6433	-2.50043478417372
30836	1.52683891479543
8036	-2.64520922537443
7750	-3.55705840935847
27338	7.32798802502056
5019	1.08917165978657
51763	0.695743971362539
23530	0.41806359143271
4701	6.12454106164681
27347	-1.05016864697093
7867	-0.75969192885353
5335	0.131567546026361
1366	1.1131435773046
9701	-0.275210235323241
10162	0.976970515811397
3628	-0.224567638418486
11078	-1.4544398510484
11346	3.69805555503953
22908	0.111612875444693
10427	-3.74635637185848
8192	9.8189177495387
6507	-6.65112484849171
5566	2.01535766324941
1725	3.59940018619861
3689	-9.45097813484935
4363	-1.20816891325742
1627	-0.495640443469448
10043	-0.871337990829702
54838	0.90878263279517
65123	2.09409338265428
4733	3.89760844675289
10617	-2.00652032375448
2548	-1.72780154597111
6894	-1.74785291311629
10614	-1.25547184917728
6760	3.09215268298159
6924	0.0270065256757274
196	-4.02194357826346
4026	0.14829113631219
6921	2.24889440225368
291	3.7487650160067
6692	2.49626512417793
6845	2.15122310981303
2542	-0.100749330203873
2877	-0.455229456751458
9648	-1.83477838253219
5265	-4.9732114303597
183	2.38997235838308
10907	1.90703671397609
10906	-1.37527721379889
2517	-5.14902674179331
4713	7.50498973692006
8148	-1.53712623200714
11054	0.457688952930578
4189	-1.72819747020894
10928	0.647351534746716
5279	3.88253673374121
5106	3.19792549627968
2870	3.09413212881607
5825	-2.86880453363063
79719	1.34547937130492
6259	1.28831350609263
3251	1.17123512909875
9123	-2.90916982748177
10330	-0.367857852806088
7307	-0.37591178910866
3576	-6.25734519366569
9909	-1.40991039131503
5187	-2.47277701931798
2184	5.21202988096096
6672	2.10311197676923
54788	0.0449045479712001
10775	4.02845043867429
4938	2.41444894982258
991	-1.06381242927769
9618	1.97960407806106
528	-1.78816842641877
5089	-2.91222914466845
22918	-2.42813452143102
9267	-2.85806929286347
51406	1.7757042659204
5519	2.35208732541319
54541	0.647732990486027
290	-0.587075159999281
9053	-4.62044722588885
4817	0.841430892886561
8697	0.46939008291221
10497	5.84636279433248
2050	4.53919913749165
140885	-3.87174005897005
9672	-6.57442414624588
6428	2.76176397204374
1869	0.702601499041078
4927	-0.725974335720714
1520	-2.97939880365449
23658	2.6668817521613
4683	-0.476620204506699
7466	-0.324630614488446
9852	-0.183348975523338
976	2.45003835831511
2956	0.266555688550832
133	3.20565701936097
9826	0.0758254892660296
9917	5.18533827183116
6279	-7.00069046585379
25843	0.938980816760403
287	2.08394928993905
2729	-3.47270443628288
5326	2.16304111388935
51594	0.214822187040131
5300	3.55644285521076
5252	1.54657623412825
1652	3.76570474201109
8803	-1.29397867103347
274	-2.40119915903137
7525	0.71955608743032
3099	-1.07903177590804
6662	0.135018140176842
27341	-0.365452668116145
10269	2.4291497975474
65125	-2.26064337067965
4729	2.90455604190871
2109	-0.756379198583415
4668	-2.98014606483953
2356	5.32813665823928
22903	3.51680321471599
2995	0.617988307123696
3554	-3.01307215441246
2274	-0.454493401096531
1429	-2.70919848917709
11329	1.31988363477703
8038	-0.550395774185458
713	-6.25309899674008
11065	1.56287330127681
10565	-2.27121236203086
3059	-0.689833671256938
5780	0.0837823104474556
4594	2.93440967483689
9551	4.95051463240955
23303	-0.733523182447433
5993	5.39506487587159
827	0.602877392870509
2941	-1.74513043933162
8445	-0.505639091820521
10144	-0.337250908503031
4354	-0.703467982543402
22836	0.490463902073021
58487	0.338990855012071
6477	-3.53027519657684
10965	0.277954598550122
6596	3.24283026947046
9529	0.250727684651859
9915	2.91319295655885
10758	3.45149671592753
5996	-4.23184322594186
5836	-5.85713273391865
10948	-1.09244358430348
730	-3.28405230434746
10994	4.4318930879526
57804	4.87120870927676
4017	2.01631999085991
11075	0.232541615241342
51421	-3.44179529375448
4209	-0.201370967803245
4055	-2.45852384779321
3632	-1.1439962944549
10434	0.530678447820285
10190	-0.563137122077655
4059	0.77673052592924
6776	-4.34467564675686
3612	0.0701497410022786
6147	5.8574366936555
11319	-0.858940572455824
27352	-1.77636455660867
117178	-0.833054070961415
9910	-0.283577284568964
6590	-2.35506307612578
10535	3.63098316105386
51491	4.79504365195018
56951	1.33367271535612
8260	4.40146480054586
9925	1.60018344073348
4597	1.1513043037242
1535	2.07461564306793
5799	-0.00403235643682581
7390	-0.474727947515202
2271	2.34553220510881
6157	5.04552642855668
10401	-0.90356582138039
9788	-3.01534051531786
5796	3.4936625539238
4719	-0.0891143573018222
3145	3.76053327502325
9189	-3.73879934152675
22856	1.91722359194454
4814	-3.33263117349475
8914	-2.48710817316995
6793	-1.54852372436323
9652	0.274235133624924
7158	-0.440389029023115
22893	4.85547143415262
717	0.317384161245524
10286	-0.784769391358242
6988	4.22210660224527
9138	-1.90274546575622
7799	-2.53298957548536
9060	0.130636930625367
9656	-3.57641455680201
9647	-0.41284213150394
3607	-0.319672659629033
857	0.145697406976265
51363	1.34119793456211
8050	0.821613084228024
9903	3.30353746879509
9900	0.385690223828213
7869	-3.45906012045423
4643	0.183413669965505
22796	1.4609297525764
728113	-0.576415999038764
4087	0.425643781488842
8453	0.363793280387036
29994	-0.398115131685649
56998	1.68689866321853
9790	3.52717573685273
7058	-1.55060106618738
7040	2.58065797356819
3796	3.03526002862135
10516	-1.46056105704084
27429	-0.606306133344626
6388	1.02475170424706
8880	-0.369102514661336
10469	1.21163254504744
9587	2.49606562673929
4528	0.236933374234289
9693	-0.763629237398945
9425	1.40173963942281
4247	-2.68218910097661
27339	2.18977351663958
1436	-6.62191494851134
10059	2.48934428559473
27072	0.866223140499146
6187	3.1843214123785
9052	-0.614173708844715
9040	4.45669918996499
2185	1.57832839312394
7469	-0.561447331071278
1936	5.02951279607535
10534	2.3119334658633
2235	-0.705615893788114
9924	-0.0608004019648216
9159	-0.71150204526186
79080	3.86442749745254
7159	0.778526079982371
51112	-2.79510980188465
4891	-1.36085636412085
3613	-3.26044599169687
9517	-1.4118119769138
3800	1.93527299971641
5156	-2.17173145932837
5925	-4.56046325461139
10952	1.62668458353004
8301	-2.74545533744024
6908	-0.0199080057255553
10567	1.90942944181179
9589	1.25512334286229
8520	-1.23010159465436
1612	-1.60804163696159
604	-4.59354991234032
8546	1.85221852716791
9674	4.13596535950187
10615	3.29284531114965
2550	-2.74700010003896
9830	-0.875651106460302
5819	-0.577458667422381
10244	2.72046789902707
4130	1.9892106299231
64976	2.76641433435118
3434	0.767601468224161
10298	-1.16008134636552
9869	-1.95583680092945
11215	-1.07419990044618
2744	-3.2804157571576
9025	1.23901375784841
10300	0.722711719214292
9197	-1.6207442526092
10428	-0.892046640489917
7077	-3.55458122497397
1388	1.58473360433269
9827	3.48076988889584
23378	-0.0961092779673925
9513	-0.299875692392114
57020	-0.686799240275606
10139	-2.61514188469875
391	-1.85355054040495
7019	3.22184192992567
2628	-3.50501900201979
2592	3.01238778058361
220	-6.28717211542497
6733	4.23047150325533
6602	-0.0524230531383451
2201	-1.22944578549936
9770	-4.22913270772573
6275	-1.86032679363564
1793	-1.78085186703465
11041	-0.0736092605124429
4728	3.46153432258307
10058	2.93997953645381
4928	-1.67357293782893
10257	-2.91273042577428
54987	0.305372454493095
1025	3.34662322435354
4552	3.49128621406399
5373	-1.25285562263628
11103	0.300879122619977
9682	2.3774616595223
9679	-0.332021417040082
9650	-0.771474648041634
5985	-0.929788286123084
8898	3.34572595747293
983	1.38069479348615
4646	1.5764047049534
8869	-1.06903017548231
5601	-0.792027534572762
353	1.44780267142166
7088	-0.437497609820145
9135	-0.907295238631368
55312	1.77569299820378
6302	0.991707099550412
5050	3.87069020082687
1196	-1.53207895438297
1855	-0.108243624432375
6310	-3.42308293133989
3566	-8.65033022863634
7378	0.958210682528621
7064	3.23099794398365
3965	-4.35668329532606
4854	-2.62536418127861
4849	1.51045184902069
8857	1.14175222785594
7405	-1.09723028784974
10611	1.45897069503628
5830	2.32549096574062
266655	3.97480406420594
10641	0.960038689157306
7572	1.20876082682887
2145	1.3948310196942
22828	-1.90192183940122
10263	-0.0397042400502721
23262	0.145234575229388
7094	2.27313870281885
80204	-2.77631508855322
1001	0.134123048157803
79096	2.49349324465866
10589	5.12670811504154
51020	2.63712964198763
10671	-1.41318261058826
9130	1.48409331386779
23229	1.3107985610775
6416	-1.27872469014481
1819	0.765200690039527
8439	-1.52814508931182
1841	3.38564982211148
9094	0.780413458370218
11334	4.04598040204875
8263	0.127216708201584
3660	-1.92007838846291
4001	-1.69832086040688
1676	2.55223554052738
51317	1.83758334074741
9695	0.211464392041585
9667	5.25625262755517
2632	1.14453081643217
9653	1.64522797074387
22838	2.22903950067144
3898	-0.39533536288716
9710	-0.237196871902426
8131	1.62481962017524
3117	-6.04768693032479
4850	1.39572863509264
55823	4.44209072232587
3998	-1.45726580888211
477	0.892798297758228
3720	1.26335300278148
8905	-1.17269134390885
9988	-0.791020086706622
1633	0.504207783425064
6990	0.474394931534362
25805	1.04574646122709
2162	-3.77327622941956
10559	1.08688645152873
2794	3.89636522770018
3257	-0.340646550740366
6814	-3.46219561741353
382	-2.20471388761202
7050	-3.00212684230153
8225	3.73185368267043
8440	1.2176297303162
6635	5.86734098195467
23550	1.80593088756124
7707	0.257008083407297
10019	-3.97741995778608
22850	-0.332730199563644
858	2.82701077720352
1289	-1.91490972629793
3416	-2.26927577339686
5797	-1.72921228882076
6811	2.9826952038535
3635	-3.6153250702662
22920	-1.84921718064093
1659	-0.365167181555317
5264	-1.81109142715522
9270	2.62261643347946
5529	0.842295571618131
8604	0.262028882081675
10153	2.35813301209636
10245	1.03630448071324
7358	1.29130807836079
5932	2.10230562424744
22823	-1.92893026913624
2119	2.03860429779449
164	-2.228543551453
5000	-1.87026745021072
4152	-0.343616360492181
23362	-2.7706575684712
23473	-0.496787315032845
2146	1.09490496530896
26292	1.89097179998711
4085	2.63381918204533
9776	-1.22990878895033
4324	-0.403174703527779
5428	0.913562937024539
11072	2.8737494657425
78987	1.01136332629859
9260	0.839137474638669
4709	0.864690449501237
8835	2.45591336949458
7174	-0.793800915335364
51362	-0.14450262858656
51585	-0.0881873127424723
6195	-0.0751218302105978
6430	-4.63124377112764
348	-6.32887673588763
2800	-2.96839575530708
1606	-1.80295931898555
9882	-5.36247347444432
409	-5.45438520461874
3797	2.49449470089217
2286	0.995157627172058
1487	0.111514982980907
3280	-2.75000494005653
5685	5.12690327929919
2591	1.4135248424719
5671	0.414133858226258
7018	-4.9895173507813
5634	0.665294759560254
8514	0.705347141632247
6049	-1.62340350133586
9823	0.615284638774315
8624	2.67068877917354
4236	2.50263845483407
5493	-2.52628720412728
6304	-0.232597395366332
1643	1.24105021277684
10947	2.50137941754123
4000	-1.64048564978951
8216	-1.88192599169139
4753	-0.79679409142543
23531	-5.35311970279453
10016	2.99990176353938
963	2.3528232162281
4237	-0.367963610476192
890	-0.780382544608979
9757	1.55215550367772
51439	-1.42150425876478
9537	0.741662328951421
5424	-0.110278210969943
5947	0.83539363480161
3488	-7.23987263853089
25842	1.58773117936742
51430	-2.53350338164678
23593	1.15328585022384
9743	0.771078554441329
7112	-0.011415729915131
10588	1.41007306305265
4311	-3.46096194901152
10556	4.48028200934333
8834	-2.80060790850989
8614	1.84581423866378
1000	3.0876823981911
256364	3.44404159221457
9219	-0.867823197587563
10106	0.769447095166176
4952	-2.62274295512677
5711	0.414699839305935
7013	1.41870413944825
25776	-0.597599532679046
8861	-0.143271795821142
26229	4.71489304778834
6337	3.04345438024466
475	1.04192854597472
6303	-6.25244267207388
11230	-0.246494550308004
8417	-4.12487547471359
6697	1.47991659119247
64601	-0.530559036029204
5663	-2.20742019294569
1106	1.30773594979566
8662	5.57529326517586
22905	-4.09777246525164
9801	1.30578192932489
4358	-0.933121540564358
5372	3.21570065572286
8558	0.594351707697008
5341	-2.12773942863787
11309	-7.13083778932188
10788	1.06849920732998
1588	-0.864351781369202
7162	1.03020530065371
1306	-1.06996996308138
4717	2.96308479563774
54726	0.734710110120205
55719	-1.01504626655915
23480	2.68577606224107
6252	1.00755648326846
25852	-1.02268330599174
22859	1.28691022727423
10572	3.56538197464712
2000	-1.50966477828623
9702	0.935820409521274
9684	1.27365904559924
5469	-0.643646939228077
10231	-0.109850710946221
1969	0.754670078851696
2639	4.21101761838016
10404	-1.8071883978608
669	-1.70800137223963
5195	-0.449638697291631
19	-0.13749299110558
9968	-4.26136256234446
968	-5.34068649631407
7133	-3.9215450445969
6653	-2.78301688792753
4233	2.89432056111056
27095	2.38725748468928
80208	-2.22917121775985
4215	-0.511444536980227
10654	4.26397302818598
6640	0.202746062189321
10651	2.31204703655136
1130	-4.96676458930674
26019	-4.09358294448161
24149	0.611910333564502
9973	-3.34988839336884
4046	-1.06534447376382
4357	2.31740265972974
324	2.70471279940905
10507	-0.177247690072161
5537	1.69791569674712
6810	-2.55831534576713
8065	2.08596738889
27257	-2.01616240628581
6280	-7.11853656713138
9391	-0.760695073543492
5636	-0.431262624719159
819	4.88992636580374
2670	0.996232702899817
687	-0.28881039852816
8027	-2.71021179948771
79053	4.66607219039099
9670	-1.58588700296778
920	-3.76314760369009
4023	-6.24420012349879
10712	1.27831714461294
1353	2.56446035482119
11183	-2.02972016765512
9232	2.89979903773195
26469	1.83207883136019
22882	-1.76588102162088
5092	-1.76234610893696
9820	0.113790295179086
26	-2.53715764496609
8836	3.2601017697397
2212	-2.75317119730032
9638	-1.37109593362693
60312	0.515991751029774
2189	1.26461275468612
4331	-0.0801154187536131
178	-0.684018353035277
10475	-1.04486707876887
8481	-2.69131398756779
4016	-2.81812376770968
10974	-3.41032553157844
6878	4.36095472646456
5875	0.22594175550466
4783	3.31827206870606
1459	2.5735589622708
587	2.25015222364094
2968	1.42588787710046
9057	-0.718966537920358
5867	0.148539842753738
25972	-2.06858964222386
9694	-2.14715195226767
7739	-2.00926574103929
379	-0.328824420847584
7029	1.25612907682679
1783	-2.47390509334311
1441	-4.54197945614513
10272	-1.03294712401916
23607	1.58222462073408
8634	-2.53407013965084
24138	0.284439543896609
11193	-1.27168926537586
8603	-0.272578354323247
7709	4.14045633005092
9839	-4.61769395747674
9658	0.901366584130841
6729	-4.90633617521329
4726	4.03145202371493
22876	-0.58883582914527
7915	-0.15138528965033
7014	1.06323339278262
705	5.25623689885686
4712	5.65393386494156
9724	-1.95192445040938
6817	-1.72298938000832
5423	-0.828815716490345
2002	1.59657594531874
23017	1.05219947557654
9873	-1.68820838540414
4711	3.40654416635388
56902	4.01140940151965
55558	-2.10527769704968
8227	-4.96268611844243
6502	-0.479679050430655
3480	-1.24447015390071
10466	-1.53598646157101
51704	-0.327374548282796
1374	-2.27686847744102
10311	0.770918759331674
4281	1.95079169323828
2263	4.33931492993926
10150	-6.91938727687031
22837	-4.884372446909
2077	4.65370388064798
22879	-1.05874319402437
9332	-8.60061295417934
2230	0.284936011386308
9797	-0.64518393130807
5320	1.37031522285532
10544	5.22457006249519
9765	-2.24504696670586
4296	-1.26029564176782
8161	0.00669723947042954
7515	2.57495630979624
9896	-0.128308026010948
8722	0.74375625846632
788	0.172282855505447
10206	0.327346485937345
5116	0.77682935676119
7111	1.75025273510567
9377	4.61125073341081
5433	1.02615103322127
3162	-7.73641071942413
6387	-7.92719153309294
6902	4.50993130649463
4123	0.876067385283337
8694	2.82912729427429
26140	-1.20060412140223
7172	0.0779460044945443
7038	-1.49997085626847
9931	-2.64162782491363
4925	-3.47103860851394
2799	-0.64317715039612
6895	-0.715821165870083
22909	0.905740443127002
11018	5.34001945955038
5577	-3.60909107572338
3712	1.62237470027845
7423	2.44961485700239
596	-0.238738029639811
4350	0.893871318476844
6376	3.3645327376756
5311	-1.96144970429398
2332	-0.711527778502737
10426	-5.33654169888622
5266	2.10896418018221
1871	1.46683151819817
8449	5.75474995415196
1687	-2.79227606032323
2487	2.13099963878423
1734	4.62732696639191
55621	5.03379048463382
9654	2.67271867152009
6239	-2.47321469227764
8324	0.989792653120946
10127	-1.18005580794913
5142	-2.01000889983932
5261	5.10262626857748
3708	0.510765697527349
26275	0.557102482631319
9933	2.83600687571275
3993	-1.94696252577755
6905	0.11185892824182
1803	0.342390966954525
10908	-0.219914467067594
2067	5.70498336903866
51096	0.889897418034259
8659	-1.62386772992338
3707	0.180084854265673
22902	0.423714510939759
1647	4.46202882261823
3909	2.06990173566662
6499	-0.170474027300006
578	-0.0145447947827157
2014	-0.866962547662679
23660	3.45190998648321
9325	2.7997836769944
28955	0.433856904532846
55810	0.680893637988783
8496	1.14283199460532
23082	1.33094058740158
55322	1.16270663555818
7764	-2.60649831004135
10200	4.19745624810267
113	-2.8313971487483
6996	-0.72616947864314
3149	2.22791299531359
3052	1.20479349521547
360	0.0664615316788566
5937	3.25910198660861
5914	-1.17930721518634
3727	3.12919610589824
6925	-0.986198653836747
2972	1.38434395398937
701	1.11647390350748
9828	-0.0894765769933935
4680	-6.86362790406128
1519	4.96656901613314
6484	-1.12023613911676
6503	-2.19031872112591
51626	1.63174023567118
9787	1.27174938570948
25801	-3.13353175284676
25802	0.669750489201536
412	0.529033668084154
644	-5.00915690069263
4548	-1.87762810230173
10165	-0.171510214666881
27238	2.10781486202298
6199	2.86506335881487
4126	-3.53580281809058
10205	-0.0864046088664284
9553	0.453730686503679
5442	4.79529615701058
55794	1.9714946916128
7164	-2.07187303676753
23635	-0.463369046026572
10512	-1.20219721225844
10247	3.39647591625479
1657	-0.724705927375546
7703	0.672815048414751
8476	-2.25459853250686
605	-5.73324816273321
7447	-0.983861289550158
9936	-3.40799130124741
63931	2.83789592388919
55695	-0.620763542077247
51449	1.53000437693822
51747	-1.2838883889185
2175	-0.585868180988101
1443	1.8660150318101
208	4.40445958655363
11080	-3.95822918744118
6586	2.53206528062085
4835	-0.546467219402142
2952	0.663437375750339
1716	-0.48798293403528
2983	0.532130572463061
10946	2.01748379359528
10643	-2.55522110735968
1839	-0.23450898973666
1998	-1.98180631969324
5998	3.73570195286896
7103	3.13533443417443
8019	0.943742054023865
9600	3.4595534597947
55062	2.08828553654203
9235	1.0174083052704
26610	2.29114678647166
64149	-0.0346680120336366
22864	-0.740793387605937
6636	4.65017845854657
10618	-2.8054569090908
2615	-1.98414457003036
4217	1.53214885328041
10188	-0.876359709007096
8548	-0.375509179793887
22924	0.705233849685466
6197	-0.882204315811348
7428	0.795568453104155
8850	-0.676406959344196
22954	0.457161181724285
10270	-0.946133626930376
547	1.75846550955397
3489	-4.05172423594498
6606	2.27689778574028
9846	-1.50928634351198
3426	1.57814269878058
22911	-3.87443824561573
7443	1.07521624280385
10954	-0.415577110579778
1352	2.32437218625322
5064	-1.86983007785872
5095	1.27618881646763
88	0.964171223194938
104	-0.948588872674564
54475	3.20139943718332
7412	-8.30649532783536
64854	-0.479270437672841
26168	4.06342821854466
58	1.06340154277512
6594	-2.1408910181497
4320	1.795346017849
5293	-1.49563342615331
10063	4.66406138598673
1756	-1.64628503481745
10379	-1.92907170982062
22841	-1.20715578284096
23011	-0.0444088525370576
2199	3.77194441051991
7056	-1.68616992487463
6447	3.64315950845167
1613	5.80453479776142
10406	0.437896952535687
102157402	1.14608968452856
27175	-1.84309708003096
5332	3.74114235407324
57149	3.84682097007625
27297	-0.88908571630731
23334	-1.51249939252421
10454	-1.45203843837317
9843	0.366885293457012
3732	-1.85752919018384
5073	-0.583483322445398
9922	-0.669646583087718
8671	1.5942782441956
10479	3.02306327836554
9411	-0.530033150799022
5909	0.813653025800014
1774	-0.882495140698281
3248	-0.83824891659012
4283	-2.32649980837833
8509	-3.8069807539616
1525	-0.823494924434317
5097	1.18746963470073
6919	0.183493520757859
10062	-4.38920632214171
9435	1.71623556657452
1536	-1.42903700352156
2939	0.593239694600143
2730	-4.56848546230622
513	6.26655734770694
4794	-2.22505878943984
4137	1.60268319728309
6182	4.18670157615157
3109	-4.21301007847301
9727	-1.4293740629019
3791	-0.159328745082603
90	3.03756840431146
4318	-6.64374220002025
9013	-2.21908247042529
4907	1.1876291383084
22846	-0.887804765029482
55756	-0.74983292425049
2011	1.83471463199755
9371	4.80034750459242
11120	-3.96764798720173
384	0.976851554709681
1479	0.462378535104896
4353	-10.6255201617635
1185	-2.16674263779254
1264	-1.50204103879264
22926	-0.280775957584839
1365	-4.61959083277581
9858	-1.79540590997515
22880	-0.261239967359623
1876	0.0115649193527159
9923	-0.829191633143165
51668	-0.201703906764283
10529	2.00011658202735
771	2.46865333645148
9111	-3.28145151565099
10868	-1.91321311164456
5494	0.0939176555490913
990	1.27676963339098
8504	-0.397815308882396
1317	0.375109037289044
1052	-8.23116367546735
8226	-0.786442785836982
10036	3.57957238980916
6901	-0.515432876980788
4682	-0.658100933744845
1593	1.59836783720857
2167	-6.89655703163344
5826	0.0237582914138714
7257	2.33759179251986
842	2.10839713565307
7988	0.0161684368164068
8987	0.472109207222698
8323	-2.9204510527424
2530	-1.3841979739433
2149	2.34696510909979
7403	-3.22204475069351
755	2.67779354793922
5774	0.00149586621828813
6857	2.26266151625646
10681	0.992771555715447
6619	0.811154019637369
3382	1.71140998545147
11097	2.42910490093082
5074	4.85185441154976
2215	-6.88779539355506
10126	1.72056747111484
3845	3.46834446832806
10253	-3.78273748833214
9836	0.380450226634508
1846	5.4649638938867
23395	2.25507286676192
11015	-1.18908920876484
3039	-4.18586736219318
26751	-0.241949763168659
5813	1.55687723090788
11060	2.89415386595326
5984	0.835592743988727
734	0.0355356056557183
5134	1.49733424489848
11130	1.3233492138575
4234	4.30388397681759
23637	-1.69135642135586
1952	-0.930379165438337
29970	1.60239318487985
5094	-2.24468458908046
8412	-1.3413168786176
9319	4.62272466203083
23474	3.01469294529825
7857	-0.471018441302214
1902	0.434191774670653
1050	-5.36766010414899
9781	0.0459072966225906
4129	0.552983323533882
10810	-2.99779590980513
6948	-0.652645445513017
23475	-1.54921807205358
9338	1.16704745300337
5330	-3.36845735136462
9749	-3.12078519128142
6424	-0.339621555795309
5728	2.13209342536915
4253	-0.227885096577402
4598	1.07891128757202
3394	-3.69173341749895
4199	-1.60997240377073
5613	-1.10266845779504
9706	-2.16402356774717
9984	0.726172448590714
9486	-0.53613509982483
116987	0.794426722843572
6821	-3.32962178703838
6788	-0.0972834114874564
4211	1.84776494490299
5920	0.147363689318648
10210	2.14270974137687
10129	-0.315852260416931
745	1.66897315114715
9731	-0.605861932020099
9583	-1.1769552539029
10609	1.44872145814326
8459	-2.25879351139062
114034	2.67323927008625
4900	-1.73606484808995
5090	-1.54352606380793
7169	0.508137345804851
1203	-0.127358840742788
23532	0.191921243937999
8884	2.07517316224062
5025	-1.13083964466361
4216	-1.76813046376821
8859	0.26977794034044
5147	-0.619472595782217
6790	-0.0954876243658752
902	0.847625979955803
9819	-0.629783084965065
8178	-0.56270401358493
51634	3.66871190025939
6604	1.05494983785628
4534	0.969954331308442
6351	-0.943206644976363
6618	2.24829773205051
4897	-0.496332742654367
7016	1.37687519388465
4800	-0.642948645275001
3176	-7.64240584409056
10658	1.6101834363704
22795	0.810116892029516
2791	-1.03248249299246
3561	-2.24840422029983
5550	1.60053761308909
962	3.66798213809096
132	1.22722967351094
10912	-1.95005814335274
7305	-7.04639724582806
3980	2.79756298639884
10568	0.374158466407072
51103	2.67046643022925
8318	1.78858390226925
5983	-1.07047609325293
607	3.99848155352496
3291	1.14025216730426
2309	0.367932798470751
9136	3.45775745100188
5138	-4.23920395139534
11259	2.90000543049377
1294	0.356606593490242
7107	-6.07180079929047
7593	5.53252543389428
8460	-0.536287315786037
7280	-1.89699126479773
55556	-1.31910011590985
9091	1.4610347136005
2483	1.92342630891005
10635	-0.612374333039594
7027	-1.67053475942782
22932	0.177253004027252
2948	1.94651228772964
23166	-7.20959902233805
1645	-1.02729570998784
4242	1.32154400404462
1036	-0.601598617242355
23387	1.1852183436288
10312	-0.0756141044241141
1031	1.29786163743221
22875	-0.643264591155437
10403	3.35283716482922
11117	0.710210581189988
6494	0.742352204110045
8936	0.133095552669084
22904	-1.67581933757488
686	5.49384567027156
4258	-0.00669131856955901
3614	2.13967691701984
1164	4.2548681180382
6198	-1.45205566036499
1371	5.33563273059294
140465	2.37608809490713
241	-2.56991377384763
51042	3.60978899250699
27252	0.704765343536056
10432	0.533428113597513
4151	-0.160783068763641
23099	2.03892377826009
157	-3.71235129351865
5481	0.507324080981213
2766	1.57298904534597
5916	-1.84239393146738
10208	-3.10638583397693
3454	-1.40018066276964
951	0.619474165955623
1120	-4.43252197158281
571	-3.97668104259369
5316	0.212142670062428
864	0.0815837987245806
9649	0.527731370907191
5155	1.73147613571008
5783	-0.609704733965525
23288	0.0253989175185262
1054	1.03596503358521
1318	-3.18295287703397
60489	-3.75469765508209
4335	2.36027749180964
8732	-0.687100518699246
5130	-0.867896134750388
5610	0.757744372369693
10005	1.18937406741999
5284	-3.43837145252532
10981	-3.56416215690184
79161	-0.045278385241948
79882	-1.81356009277052
6253	0.400702340420563
25906	-0.0796171416362361
5700	-3.28539948136142
9535	0.450923516649877
11010	-4.96918183978147
5549	-1.62987854230232
2643	-2.75043525801203
9759	2.79024971308775
27067	-1.44498038512267
7084	0.417496935714391
10465	3.98415608560427
57030	-1.31690638075851
2166	1.77329755306089
2207	-9.27212875873957
1119	-0.275941204817686
7748	-0.539407028978777
51454	2.06384931574534
2313	2.02279105907794
10591	-3.47789536861963
4826	3.08189811975323
10592	1.14570353937289
8310	-1.17246170556006
6018	-2.64185977920171
10926	2.92825040458594
11102	0.485592615882153
11258	3.62076181076358
1020	5.12987379240314
2767	-0.0537029189365002
4005	-6.37284044441136
22897	5.69475585507787
1017	1.34568779928765
7421	3.64396745691442
79071	1.92522263472753
3995	-3.70450740483645
1105	-0.426114501543413
4316	3.85893766469986
1114	1.89204889059474
5664	4.37814962116202
1376	-2.31777461142821
63940	-3.57984816409664
9088	-0.988700058990637
6273	-2.31265592559311
11040	0.272680858109423
6497	-0.0578190974275422
1910	4.34196655169638
3960	0.163101278236106
9166	-0.896861194509495
6650	0.477075708300304
5698	1.60793001249723
10636	0.719219028903112
7004	2.63470985245989
10667	0.927056178668644
5507	-3.47088327701683
5366	-1.59306973853022
9145	-3.21365509512572
8470	1.07623935331528
4329	0.402088747821161
9849	-2.5717340724494
6794	5.80704104682653
6448	-2.47020148431107
275	-1.71052689403131
6834	1.44391772759215
57835	1.56079137411484
5289	0.528217797298028
4015	-0.621056454391014
10772	-0.440734992950633
5188	1.99788029297428
9920	-1.85421098998712
9811	2.38297283066841
8842	1.78659391588951
4285	0.330329430232475
977	2.06806634249208
9895	0.806463628839841
1583	-2.12990964125491
4882	3.26553137786147
482	-0.602064954657929
1385	-2.85206622338973
51512	5.50132555980885
6001	-2.58442857964873
1301	-2.55002023116247
4756	4.16108638620549
27333	-1.4430346073056
4763	-1.00114569005798
4501	1.37387238131686
7753	0.712535291459944
11322	-0.529689527297915
6183	5.5824550658787
175	-1.24244706853751
8609	-1.77345449930859
55702	2.67674846864694
10287	-3.05287870834338
5999	0.453072949603546
8269	0.0805962966982634
10626	2.21419220078664
29957	0.854571593543514
21	-1.43483598421796
10484	0.206240400964189
1307	1.4631826048558
11186	-2.77483083059935
205	1.73598172806062
9443	1.13325602663632
6286	-6.9312499130813
7188	-3.50151994371866
25913	2.67607624561307
22907	5.52047922729283
3984	-0.00700092774650249
23768	-2.16772038040376
4669	1.27706846273623
8935	-9.14901727966797
2152	0.0190639451195573
65055	1.03889522574799
2976	0.621098333437999
6668	1.50439784859574
6578	3.03105263982678
5290	0.265293316367956
10978	-0.0725393197394154
8570	2.42076569145788
9857	0.0632138344553218
2584	-0.0368798969514894
9746	-0.146826918709542
9730	0.455870935918605
8537	0.713678945241039
2261	1.32971967075678
4037	-0.122283079422869
26151	-0.135050048671042
8220	0.304981288196506
2801	1.07766005026058
8942	-1.32627278888954
78988	1.78688808319197
4128	1.12104151607848
8805	0.71762019801675
8536	5.11312437790536
55	-1.31756388866229
8501	1.29388906883449
2869	0.307969326134402
24139	-1.80603947327819
10278	-1.41312987436664
3783	-1.01300852360655
25807	-0.324617233746009
9747	0.829122382301224
6558	2.98574527236058
27292	4.66143475263654
2321	2.39731331876935
8458	0.0169340352560943
27301	2.88513676179958
9086	0.359395386434447
23046	0.983738329437718
4744	0.142920382536776
7186	1.1996907879136
9215	0.616968652817892
2537	3.60051186408161
341	-6.72541551257084
2581	-4.58440967408432
2946	-2.14536668193336
3048	-1.9972325905389
8061	-2.85287613510278
2247	1.03877638819294
4289	0.608138931981558
55885	0.483942167434073
393	5.07092537101582
3931	0.873958746623569
6518	-1.51438284786379
7089	-1.13408179742075
6666	2.42480400316386
9825	2.54406084473718
9818	-4.87702718853292
80301	-2.12203632204825
2348	1.39961478002971
4360	-7.52302971291292
10964	-0.648996735253498
9308	-3.50675434132171
23649	0.897158166657016
8425	4.22788061824674
410	-2.93728635939987
3832	1.0874585773478
240	-0.85126689694709
9762	-1.14636089920073
5082	2.32093483299104
335	-1.06539515629093
8321	-0.957743581053524
7637	-1.33749964801281
23641	-0.409522248449755
667	2.36383972273562
2619	-2.48049488314037
23659	0.159345781040371
1478	-1.34555287500189
5810	-0.54500931051882
6567	-2.77002195000036
1909	0.859550719225512
9118	-0.0764217915408982
6622	-2.40234921950553
7075	0.555497267597457
5803	3.09563678980255
2919	-3.87593074672178
2596	0.960913667548744
2669	-0.266889197916237
9640	2.22987129473087
7701	-3.43673436182938
4312	-0.766571419704902
5091	1.4404483658006
5877	1.47967116192921
26578	0.227556226273139
79095	3.60496551250398
7862	1.78842075373208
7122	0.0570973869290106
2027	0.573194890859447
5287	-3.2848991907329
10040	2.19857257034152
3784	-2.25464659423586
22845	1.61196118313687
960	-1.79184014581226
5144	1.26418383816739
9824	0.935825621763389
637	-1.5188925358599
56905	-0.119449184034607
29966	1.91211823239589
115	-3.13689810320669
23287	2.15442327339049
4856	0.392383677725478
25939	-3.80645079493404
2125	1.88491260502052
8479	-1.41082234567563
2039	0.476060588803911
5534	1.80576777263142
8317	1.70196792959946
9855	-0.530812289568519
3096	-4.71175488480403
9844	0.0321689047835719
1802	2.23856238106986
3283	1.98441988641472
6314	0.802329099140752
5480	0.885354714341787
51090	-0.741581836647587
23774	-0.879639134257804
29902	1.19574039360579
1797	-0.0254492632247085
7699	-2.13866390091898
5170	3.41861203351409
9678	0.652195848076695
11138	-4.35097815226044
4644	-2.58393901949357
4673	2.95435754475616
9760	0.630788010937262
672	-0.149894267767489
54600	1.63149819949363
3627	-0.701607988794103
7448	2.1023029937904
5978	2.9418216270822
2564	-1.46458470409757
9284	-2.5136876190607
9620	-2.33138830937874
1917	2.8293332602965
23541	1.05420184782945
10610	-4.6446138142055
2889	-0.798186732585724
11234	-1.9799399424553
5190	1.32127013173362
9764	-3.2933089228904
10966	-0.181561239614272
6770	1.20164722373156
9641	-1.04603423365844
2944	-2.6549026889558
197	1.20544561492515
3631	-1.79692325815762
5509	-0.268718860071789
22873	0.792079836763752
8438	2.46526949380192
51690	4.42989361820196
2289	1.87180163862342
344	0.560214133062004
3662	-0.749622723603761
6402	-2.24615735739075
10336	-1.87449874963426
55856	1.49128906611588
8493	-0.937700609800527
9619	-1.36916027568747
22863	-2.38065593644154
22858	1.04322772317201
1346	-3.50111350646322
5303	1.4840811347008
54677	0.354024465513772
4327	-6.72030588097368
23059	-0.0739500300250322
9677	0.277254208540834
2264	3.49351782158027
4321	1.70476678886165
933	1.37910296921992
354	2.86172982763499
3897	0.337038643380039
8927	-0.806274525367444
9016	1.91247478440107
9056	-5.59766084205358
9891	0.53839227640843
65082	1.96608783100368
10752	-4.17431075759847
1742	1.88872896082689
54471	1.19377474293799
6781	-0.209385196684229
22888	2.10853030682478
10573	4.3832298075375
9683	-4.51887988792641
22943	5.84233406660558
9156	1.79088279366467
5218	-1.15074254342831
10668	-1.08662172732095
6366	0.683179618376969
3158	-3.34777249334775
435	-0.630993509842986
11007	2.34974242160764
5526	3.12471734903071
5569	2.84569532800089
5336	-3.38298965083647
5055	-2.98339330150549
3422	-2.06390493545419
7347	-2.56530698559477
65057	-1.11917124848548
2553	0.916842812334802
1462	-7.44663602192185
4929	-2.21484294352564
7033	-1.45448089663485
540	0.210796694133306
3690	1.23197239251496
29780	-0.705873082140144
9527	1.79206995783805
4620	4.34528672076718
8986	-1.70194206217043
9252	-2.18182163412139
6787	0.649919848300811
1308	0.994115192468079
1081	-0.5547050361159
54	-4.92246148387923
100	0.689897905608613
8405	-2.40071901661628
4751	2.31069961804189
1901	-0.363421149898489
10495	-0.254729895120996
905	-0.963443049778096
1806	0.272228991758992
9454	2.76387046746525
4881	2.4932424598349
10024	0.774938229349613
10307	-3.12440482330319
4899	0.534272288534744
7020	-0.0504659067626077
6461	0.941999374288582
29896	-2.40648390551207
2671	1.74044729061484
1043	-2.41915117562086
9738	0.729445283927811
10873	-0.602967342024877
250	0.486979445961455
80143	-0.202402512972346
3169	-0.186170328821281
11237	-2.12365740239524
3127	-7.20125727394374
22881	-0.0593598020759415
4583	1.15675113825648
4033	-1.24065837482172
6715	1.67103191373313
25880	2.88654291366637
1003	-2.97056315803872
3775	-0.111303180199634
9771	2.94541235523645
4053	-3.18645193471341
3384	-3.50390011381315
4884	0.635943801330052
491	-0.345011525520219
3667	4.68432569843946
25849	-3.95498442941228
8910	-0.63581072750668
3087	-2.2603879170394
9482	0.521302667595809
8398	-0.0595401806788543
4034	-3.32669951298802
11135	0.181491434198909
174	-0.77370642219805
993	-1.63797895541669
1113	-0.102959509609115
3669	0.167329792918578
27042	1.57409252356871
9399	-1.92572253448043
9603	-1.29180721664919
8100	1.76559549117476
229	2.52994436796196
56623	2.77083662613055
5596	-3.02824580588634
9493	1.00335188506503
9851	-1.00793240282141
11197	5.32803724599229
2153	-1.87989004464694
24145	2.87142728514617
8030	1.02292407766485
3177	0.141023115707503
2051	-0.829060913528655
10351	-4.04923137390472
9829	-0.699359510095602
55800	-0.740740542731562
1299	-5.44374456737244
4690	-0.262905837476534
1012	-0.473291450719454
11169	-0.138222332488247
6804	-1.41124119350258
9783	-1.9531701183205
7049	-1.98966759009951
373	-0.373547293917196
5653	-1.34568109183902
3866	2.68934107682259
5141	1.2722150765679
1464	3.07399704469883
4625	2.20963512019154
889	-3.22156985873457
1060	-4.08010452431565
10256	-3.60816049841023
636	-1.15837894110183
23047	-2.15263046713621
29114	0.297275998081696
3376	2.21890142103882
4495	0.582695031056647
9463	-3.28975075443769
3437	1.29441686776556
5743	-0.7282400212428
4675	2.28142908616537
1824	-1.94330984301396
10038	-3.86448683577734
3131	3.26930114475116
5607	-2.22623644928136
9854	2.14847561724402
1102	-4.56919963848492
9572	0.773910056770388
9712	-1.46357154812959
2775	0.922074680438366
7984	0.831463138099354
4521	0.853532989260568
2237	1.34914577638508
6891	0.356313745348824
7270	-0.445294571287982
3590	0.766914181187684
2123	1.60351451032687
8208	0.920958095259728
7060	-0.923657822059028
4118	1.57911081618938
3217	0.367595945246832
355	-4.22869955510785
4291	0.437418602657
3455	0.813698646721597
11326	-6.80869313822045
5498	2.68930945672617
752	2.37874779946222
4092	0.972839369047061
7181	-2.30791603867301
9742	3.22538724206836
9737	-1.56839143398431
1844	-1.88349473644782
80742	0.589550892533011
2009	-0.347006845040214
4602	-0.16372120391363
9889	0.0356586151987949
79758	-1.37785282842382
6236	-2.82671582285874
6737	2.91802803872711
8971	1.81229167811847
3134	2.23289784046481
10329	0.702455985176519
10845	0.593305687435873
1158	0.769996009863582
9254	3.05641280824096
9183	1.38560670489658
5602	0.639346385814915
8618	0.351322360986098
9704	3.72182402762483
9700	0.063172605347943
3294	-0.165838813411274
2245	0.456247108797894
10384	-1.47052310955653
7272	2.31669592828134
89795	-0.826228780975191
2021	5.47755994382591
9833	2.15490450439101
899	-0.103240570943962
5883	0.893396419990428
2350	-5.78578965529464
5673	-0.253795693200906
1024	-0.304804264423246
657	-2.5957742809834
9140	0.318811507450309
10875	-7.10782990233465
5422	-0.87438900853824
2731	-1.01589682501769
66036	-0.808425492369294
27030	-1.25565267561568
51367	1.77868091633386
8411	-2.14943403646862
5576	3.02852392417976
2028	0.552432522886442
1356	-3.56969682059204
27107	-1.37754247088512
3047	-1.37594527489738
10732	-1.07163979629724
1641	-0.695390458283022
5778	0.725695090566437
4999	0.895725876258643
10536	-1.56322626086902
5268	-0.847219363325211
10331	1.43454641884971
8379	1.27969209022932
1890	-2.11127595757649
317	0.617144492527675
4671	-1.11991078057417
4832	4.47510793980664
3572	0.114640407370204
761	0.213557190988244
9767	0.982237184696541
2644	1.32207612187157
3396	3.02822707269881
5126	-2.0122499984388
7978	1.85934546894623
7091	0.655802977051475
5189	0.882267201176916
8938	-1.26191899371335
2762	-0.512532394005093
9726	2.24049485918169
9344	3.28395059033261
10630	-0.0655408558811738
4255	-1.37240038932623
7357	-0.961039659926656
9938	-2.43052199117746
3364	1.1415325926263
10232	-1.9820346573111
10733	-0.0164180870381671
9148	1.33456867811487
3932	0.835793875054065
1915	3.77424912199941
9372	2.03331646976352
8639	-2.71008531856311
4585	1.5101147549967
5734	-5.7377718852629
8819	0.393207025936804
8945	1.49860862945332
23192	-3.72870101418367
2701	0.370932149669873
9521	4.78653768859495
6196	-1.38143724346343
602	2.06930498552409
1656	0.150781452837736
10612	1.27845663150917
3587	-7.0016290096295
6664	3.50404583060407
10267	1.19792514682079
4300	5.56428743736409
11272	-1.45824887403239
1373	1.20937379545884
2622	-0.246340409803943
79703	-3.54447339761105
54440	-3.57645811565223
7097	-3.4642618200626
1497	-2.00733895501745
3624	2.35376422425885
8045	2.37891639744587
8273	3.18619711975882
10791	-1.78272584570065
662	0.637352220217081
6943	1.79745095758725
4982	3.30179403097924
3249	1.48961165721556
5771	-1.74773581483872
5871	-1.61323998405719
10782	-2.70899535471268
5350	-0.473509829333023
222	1.80783123818702
5793	3.87928975980404
5798	0.770993408568051
7156	1.00493869942599
10468	-1.32818017929157
3385	2.24447422527225
22900	-2.36633358583319
399	-1.48245830774384
27076	-1.38946559589018
9892	0.822903619557611
9149	3.41048019864628
8406	-1.73181044366996
4507	-0.282112866912349
5001	0.391840393166935
1263	-1.62686833099775
4332	-6.85320928409858
5790	-1.61743008353307
653361	-1.03787738530087
1058	-0.0437421107417631
8082	-1.33780682222063
2638	2.05444280448918
576	0.719203777045122
357	1.81014862732604
57827	4.18654938378859
5962	-0.703215666476951
4097	-1.43210973969936
1475	-5.4232512769617
4939	3.43787893824227
2705	-1.35457694211343
5864	-0.717716310082811
2013	-4.25199203617813
9949	1.48049085092849
1662	3.08513014112825
11129	-0.483684179505149
6450	-0.676088573889292
9575	-2.51319809856851
5002	2.36489773146703
9815	-3.41433649091757
2239	0.360812216516629
79090	3.20653592830665
3698	-1.21441762443495
2244	2.320751498636
3691	1.47527925369495
4771	3.00982856397294
5217	0.103464101798194
2781	-2.25734603970502
4600	0.737992980256356
8851	-0.0201854802593418
2819	-2.33785984895912
22809	0.229492017151731
8653	0.290491884410735
27245	1.02571163203565
9732	-1.10590391702489
55922	0.451956686963306
9397	-2.45475153015058
10518	1.61510463614433
7031	-1.22195359420352
54552	3.0240956226517
4013	0.00276719990828225
3029	6.38936870894848
135	1.70198216996088
9982	-2.33009774950109
7039	0.270638123324556
7433	-1.51458374356937
10124	0.760603609549745
1112	-1.13906490183976
5888	0.765687755270636
3104	-2.17620774709608
6777	-4.26861682025253
1326	-4.78114510182985
7216	0.930753031142162
2173	-1.35173211687677
1949	0.677232502391425
3673	1.75743614065176
1667	-10.7063384450014
9134	-0.0789203704236042
9150	-2.23930380578972
11157	1.96218252098855
11020	-2.77976062963049
10320	-3.05334481988777
5004	-1.64541596048855
10020	0.0602092648602137
1080	1.28260739658727
2568	-0.818591406384284
11216	-3.52779351389914
1062	-1.78444882585983
440	1.67505755450644
8781	1.40560276160889
973	-3.87800078694191
23542	0.0274041635304166
3815	3.35792390864174
549	1.03120019283834
5557	2.22231080080889
4703	5.38163866786042
3682	-3.02839582679996
27239	-0.213292906644655
3425	1.93849352080935
8505	1.41170237861628
5393	1.98631153483444
5926	-3.05124223451228
8487	0.0271343594774949
6699	-0.106048889329708
5167	1.34971801619766
3553	-2.46583711095892
23092	0.769903708393005
54556	2.95640590481489
7518	2.73623560418153
1573	3.92774060925652
6584	-1.36205370802124
5345	0.29847544774998
10903	2.45934464667298
5281	1.90093732268821
8777	-0.719744018791076
5915	3.88158681227897
1396	0.340867157518594
316	0.951807896085647
55973	-1.80235218746965
4998	0.477947066750777
29781	3.38598369299075
25950	-1.59440188303484
10046	0.0734479305541158
7553	0.668465710508771
51172	-0.902902591968721
5965	1.08986121897677
22890	-0.893842794234981
22874	-4.75973832979282
5193	0.80487705196037
535	-1.32779913013507
9883	2.60047429478958
1836	-0.696532703304745
1230	-1.07240643827015
9945	2.00653573918389
4261	-1.9718486860461
7113	3.95182283051026
10485	1.27315487073134
9751	0.0595292041976165
4124	3.76391332982341
4515	-0.861738762027767
1945	-0.477562538248337
338	-0.411569209730543
50649	2.96536381843821
2258	2.19587639964914
51196	1.82832012869798
4741	-0.194648759818967
6348	-1.00929144850395
9904	1.62651528927616
3908	1.44339366284433
2246	-0.495064235279913
2357	-1.53741654222528
6443	-0.260192566280613
8577	2.90612835136742
4207	1.82332959694423
5333	0.527523672813938
7444	-1.06886863514499
5742	0.582324567163007
10360	0.461973064399767
5891	-0.00218570104497276
6320	2.66250865794796
70	2.08779163090834
3336	5.30535285438826
26747	0.761871905220514
10083	0.829052169619083
10090	-4.66290028483154
8790	-0.719300413613811
283	-1.08759717741261
215	0.274817510999576
1463	0.270188599405931
4636	3.66102657485381
9546	2.79727475469889
4689	-3.4562167064735
1183	1.39775022527056
9865	-0.597201225607419
6529	-0.0205089789145265
958	-2.53083765707628
10446	2.79205784050108
6712	-1.90498578621796
41	2.42363842708819
3872	-1.7905982813015
6038	-2.92059844858787
1439	-2.83765564854329
8800	-1.90781765537976
1161	0.270450986590129
29895	2.08754790718429
23464	0.578289594028704
1951	3.74096328056985
726	-0.204248270065852
995	-1.67095571361141
4921	1.0972658754164
5929	0.699284429140315
6773	-0.0371264500444874
5775	-1.64782240864587
1212	1.92826959733503
965	-2.82804941240824
25797	0.387657848211396
3795	3.39854257727519
23421	2.93107115193943
7135	-1.18317539282858
5930	-3.15191902680229
101	-0.584744305054533
7746	-3.45000091308562
25799	1.29500540964366
2786	1.39556555530592
11005	2.25881559821516
7802	0.421021641417928
4090	1.11060544599059
2176	3.10328532893689
5357	-0.0809109316716317
6102	-2.50076385851844
9020	-2.70011972850236
23764	1.67906525445992
5723	3.3595190727991
1174	0.760756517522545
538	0.80170342206555
768	-1.46797232680984
7123	-0.822517313717451
2737	-1.47884041188478
5110	-3.53721278235836
4828	-1.27772146477645
5971	-1.35312506535739
3730	1.04089112813527
3569	2.25391839712251
10840	4.96420962230939
91	0.659826608236693
9392	0.28090527850207
9610	0.262339488527081
9744	0.590399016811966
9262	-1.64956808004675
6045	-0.22239127516861
350	-2.6500496486244
1678	1.42257403776072
10621	1.32810317648401
2585	0.127527340856158
8843	-5.21934458415628
3081	0.581529780993272
1962	-0.140494075842479
9681	-1.45783354364325
6835	2.71708466321952
2099	-0.487781671332636
5157	-2.07929681965857
3556	-1.60964360890223
5939	-2.79808880339375
1690	-1.4282227876398
22895	5.27193237166067
7957	0.385583700716811
5051	0.736588325584444
9122	-2.81144633491938
9585	-1.02395231306123
6649	0.146377686344135
2219	-5.10799125766364
79979	1.30574714356802
374	-0.519502058938359
29899	-1.5345727057364
9997	-0.213690389896792
10563	1.95311148909918
64849	2.01024550991033
50855	2.63751108175721
5194	-2.55933949220916
4855	0.0909261400534717
9980	2.68478241850166
1959	-1.87137692542183
80184	-1.49732941547515
8864	-1.36624996061197
7727	0.56154928423764
5087	-2.43757073998243
6932	-4.22758839234635
9880	2.88571253894805
273	1.25976212399962
3625	1.58940214328273
4306	-2.76676165803288
97	-1.65837583498075
5225	1.49784379577761
3757	-1.87335993550568
8915	-1.21507568311671
10849	2.40296190570032
10290	0.15727767993764
3976	2.65697165027564
5450	-0.388571347381149
119	-1.89189685304584
3937	-4.36061448725554
23552	-0.220246650187691
5554	-2.59833789921318
10531	-1.47174195793803
9567	1.71011264122158
2571	-1.4806614821831
2743	-0.3371646079294
5277	-1.83902341976229
7804	1.69063034667647
2218	0.650997188832772
9816	1.41632991659637
2533	-6.05832706586309
7022	-0.0835557979963803
8556	-0.53406800891414
650	-0.326854965445043
3560	1.21377916843152
3181	0.266349254849527
10458	-0.0950513748834174
1160	2.02748193874281
5933	0.329130853170901
974	-0.422176040893465
10385	-3.37569959890034
11066	-1.28019832310884
4968	3.11336452659567
3484	-0.362883019411591
3764	0.993653534053999
2267	4.72784253101314
8564	-1.5944925046025
51101	-1.72755707103346
27293	-3.04609450129989
23403	0.0100959675397689
1644	-0.262280014139086
6688	0.564599448547521
6928	-1.14225327859543
6645	-2.33247983292587
6565	-5.44180865971975
3798	-1.20123583082752
8000	0.293238450738416
10297	4.89345422781254
1968	0.205308560711105
4520	-0.282362016441041
24140	1.05078668292903
9796	-0.359282053954556
10268	-2.21249599155744
92	1.06475519832197
9071	-1.2295365606753
8723	-1.53176625334556
4330	-1.98114574165575
51308	1.44859890425021
9986	2.75408439174664
6271	3.25670519814706
6728	0.976033498344976
5816	-1.48320980179632
1638	2.79794115063078
6491	2.83613847839776
9841	-1.62844846475216
30846	0.672841986946557
6819	-3.66982944652234
10675	1.37222013793456
580	3.42988319813514
6483	-0.240295830182273
11013	1.50864850159286
1780	2.49550022429649
2769	-1.48699298872561
1381	0.55534792663036
2677	2.62065698072434
5274	2.08467312730913
5037	-1.44958802071635
2593	0.96142951968904
36	0.516808752481086
8975	0.97990177917845
185	1.15854800956226
2891	0.567452658816256
9472	1.63873208472669
5203	3.50570945706267
8424	2.25663098006497
8309	-0.620802157244073
3216	1.0915127820563
10603	4.22609105685325
9715	1.32005821456741
1629	-1.98636422691582
5324	-3.68360283519827
1496	3.06780400064202
6588	-0.369272286299868
4188	0.77885901708185
8821	2.33346906304304
43	0.803327356287293
874	1.41135368864779
5174	1.59114064188326
10234	0.0619227566730466
1675	-6.44951276367356
26137	1.21908557095459
5348	-1.24118678010946
4193	3.29761404095666
1082	1.58056899901539
7125	-2.18102172399209
286	-4.03147835926196
6358	-5.80618169768723
1111	3.51666880354057
4361	0.564465018178718
4088	3.13223173329484
9201	2.91631255032141
7454	-2.29901880236389
8540	-0.47157715229548
5645	0.572273571498902
7850	-3.29256964987398
3290	0.334029332396418
9037	-1.69144950616119
53340	0.620058917513007
8434	0.845193233608275
8028	-0.495461703841692
2355	0.935155955481647
493	-1.52731463280314
6789	-0.91925268012068
38	1.79740009358125
744	-0.917066524837226
9912	1.8091400182947
4287	1.38031643599494
1605	4.35421822318861
2242	0.546062785184035
1880	-4.9240991631484
5191	0.422873330662972
6581	-0.874569823070862
9358	0.802397874577778
162	3.12478058417344
9755	2.27558941003895
3092	-1.84295681447856
6940	0.107085650636426
794	0.235633324004446
51678	1.69998035264945
653	-2.22484045590024
5016	2.55786115419439
590	1.70405244091143
22848	-1.51231036971965
3014	3.38842277673855
10520	-0.62277904771212
2953	-0.58262973797018
4886	0.955728636737551
79629	-0.074478480623119
9848	1.96274648738017
6617	-1.7911488558662
487	-2.20386555973833
5617	-0.532622191768449
1386	-1.69487883693754
7786	0.492296411144407
29901	2.48821578726818
5255	-2.40842408943401
4303	2.31521223927617
9488	2.76887927416966
3212	-3.53581560858609
3208	1.90887144512353
4486	0.656819611622505
916	-1.40060128296737
64771	-0.188890082358556
4157	-1.03845855174963
4862	-0.285644659657721
11021	-0.441486031265033
3241	0.0414355862924534
5154	-2.16538871688413
6338	-3.52746445288389
9957	1.59403512304516
843	-1.18755842260772
3663	2.25959482308035
11012	-3.90895104898725
1602	-0.560375373658432
525	1.16867598024374
51379	-4.90375869940535
11341	-1.39813823949999
6364	1.52886955602235
259	-0.78166272599788
5502	1.76377249385313
5328	-1.07219202984775
7360	-1.22293034562433
134	2.63417818926243
29907	2.37288265411429
9636	3.77364194299544
27240	1.77448102226569
6261	-0.0974069267221828
10420	-1.43130613547831
51442	0.355189148020736
3001	0.787088892752937
1428	-0.447034762609748
2707	2.19837176390795
10570	0.719499118217768
55565	1.77694875193794
10578	-0.964101678209031
9729	0.312304500855652
7728	1.85344099969131
2690	-1.27995503089158
27286	-2.62091036146986
727	-0.147785778109147
10846	2.77478710501708
1586	3.01639901378072
5784	1.10278440218573
695	-2.95439061481289
2650	0.290181170367036
7429	0.040497934456446
22899	0.717513570371976
6324	-0.584096832938768
1360	1.94885679390589
55056	2.75847244725297
9131	2.38110417631238
6947	-1.88424215349671
55786	1.86101632442198
8492	-1.52558831399805
25792	4.50616656026105
2626	1.54371671119237
8418	0.345802677392728
79968	2.21303512829027
6801	-0.987038637813864
9941	0.961455347532753
3233	0.0466303141284318
1404	0.0755854834537059
11104	1.64120854105224
50628	3.31421895931886
862	1.00206707401182
2110	-3.53480067985803
27165	0.116563105195921
1004	2.69896020271753
5099	2.81348573135714
7410	-2.57472881922019
7464	-1.70124621801918
10677	1.79684885805959
10325	-0.259343332503089
23708	0.830492861408794
26872	2.38899985801598
22824	0.278516267044653
1380	-2.98715578861592
22826	0.606630590539686
7297	-1.73527195971008
6876	-2.51823254214442
10950	1.29178697278962
5121	3.58230654563364
9577	-0.622109873021086
9899	1.80606058923424
8048	0.459882672791365
1776	-4.49995987186743
4488	3.07646329548275
671	-7.8170044961733
7189	-0.63659347943196
5125	0.767664814449973
79734	2.12676673196789
10557	1.46780543038793
3814	-1.11690914986913
9506	1.46266233590429
2395	2.63909378089934
11057	-0.102179350999315
8534	3.61930621927867
366	-5.10349775177147
27074	2.40109763328437
5305	-2.56185173522336
51601	0.327917029509985
285	2.34983464590183
51375	-1.61381067807351
10882	-1.7127394975392
3053	0.997902605197845
5837	-4.41216110803705
4920	3.49351260555567
3269	-2.55316062592661
4846	2.32321876503359
2687	-2.92744711210777
79868	-2.5366857987711
2120	-1.14125108755597
7425	1.55683407003599
11116	-0.0811310121840694
4634	-2.70157116458858
10125	-1.27330371415394
10439	-1.09635560644987
6521	-3.20230853025029
5152	-1.37668299200715
22834	-0.344458798291799
1830	2.79155151005134
64750	-1.93657585119596
80736	-3.84436114578586
10293	-1.65449413340999
7185	-2.36478755557427
3215	-0.474251386724979
5676	0.9698534688934
1730	-0.502806705040196
3235	2.88898750749822
4040	-1.54994027925203
57147	-1.0741165465312
284	-1.14097251148803
8736	0.948660199796339
8742	-1.14164258685943
22915	0.106818834665062
51760	-0.382777263249626
4485	0.0454670682369777
1357	0.947734990565537
3742	3.18445942108892
5639	2.90424428890241
5638	1.39858819849681
4222	0.301478759567774
2159	4.28162795248996
8846	-0.576885438457744
6610	3.26453481055846
218	2.37793671335625
1359	-1.64653522067595
793	2.11787378387763
978	-4.36812863722806
5558	3.55807786372103
1392	0.857947550585449
9786	0.157191942836966
8395	1.21329581729227
211	0.338010368301101
79143	1.64957893619812
8997	-0.672323855390362
6457	0.621141129885484
577	3.10496139960591
313	-2.18375788241298
221	0.310842231980893
11064	-2.67285163617557
5521	3.71298473743729
6637	3.54399809484664
9185	2.17220082607746
5080	1.31184523934484
5893	-2.32476935107107
7472	-2.39047865498019
2243	0.828467266325116
11069	0.516227910197604
25809	-1.07590297930511
1511	-6.44514175566435
722	-0.910867584907434
4194	-0.229212630559907
27253	-0.172531998184367
23498	-0.403492921348468
6621	1.85731681909556
9734	1.95486806375029
8638	-2.01960881445148
80308	3.59713294940234
27077	0.410140521878753
54039	4.15787836328437
22944	-1.01714099196724
10867	1.63331102558969
2326	-0.521820661734523
7486	-0.880746219273531
4065	-0.260065389955291
4685	-1.67063515601044
9514	2.98774073421711
3112	-0.709943180678578
7507	0.442763609687859
140462	0.86262607675613
486	-0.372854873627977
4547	1.85918232106672
1594	0.317379165854968
10301	2.34134008940906
8120	-0.160689088320329
176	-2.36224732124144
4319	2.0399570250433
597	-3.12764121071624
55937	0.472172258321631
7177	1.7761009567214
55667	-1.80313268148057
942	-1.12256633291983
56061	1.77719229880979
7023	4.88580195268954
80003	0.771912763849833
8896	3.58938275584488
9143	-3.18936989837553
952	-2.49186408855589
7140	0.535421978618675
7306	1.91983888840052
10993	3.41547152597529
2674	3.31709014686815
10590	0.264648456469497
5608	-0.804511039054984
8630	1.21123504549182
10526	-1.61343637701841
10745	-1.45326047495608
23545	0.0192536432455221
22852	1.04944295980648
23765	-0.669735123702667
7226	-0.596568719612863
1040	-0.692348445970671
4036	0.212860074131937
509	0.100229649656588
5789	0.533754177584821
1311	1.88250693107972
51364	-0.384671762807263
683	-1.9208190494904
55972	0.420947330360949
5098	-0.86455540926914
3695	0.940283955748044
5053	-0.403206956636656
5443	0.733998924000377
2675	-5.49810591211494
1271	-1.3052547192316
5317	-2.22655182931476
7356	0.241873354957806
7011	0.0684024818783012
10178	1.86912914672885
9180	1.70462086555021
22885	-1.49301039206772
10499	-2.8103282837162
641	-1.16128905210475
3899	-2.70733786632986
5224	1.49118878151837
3785	0.4605470061135
2170	-2.63206198088794
51427	-3.02939862368441
79171	7.14321756551371
1837	1.43257575290478
7137	1.98894911362292
6769	1.61392271263332
8448	-0.773707326603476
6868	-1.48163265982147
869	0.0456828492315284
55658	6.16061302006356
1543	1.57808528827928
670	-0.247122560440849
6456	0.547502144942169
2949	-1.69478730107147
1401	-1.50621108045504
2147	0.0972773048286875
3699	0.383251620773488
2157	0.991358903884106
957	-0.974012783799509
925	2.63625914507229
6820	3.72743524791041
11062	3.01493734662417
8886	0.136505903007414
1452	2.90472091981859
1577	-0.523500488622462
8557	2.42171100491178
2069	-0.736503471387996
11001	-0.210593542112563
2936	-0.749548599631752
9465	0.825900742301339
22849	-0.278880206420488
2161	3.18706928521832
26240	-0.65752350831197
2330	-0.676770653726739
1852	3.49836886965152
5650	-1.48489812190654
10266	0.94147444864939
638	-0.945131989443814
9605	-1.24122720307663
2252	2.68312033690099
26085	0.774200908745172
421	0.467175082456735
3684	-3.72726234118795
9877	1.11582130284271
912	0.400442744764607
8631	0.312009939173497
7773	1.77977294302432
8839	-1.40738189364906
8711	1.51746075974363
4857	-0.457708126520807
9369	1.46162474076135
55346	0.249968666752304
3575	-3.23613690011224
6519	0.991458091172778
25780	-3.19127870413152
7220	-1.41176924303628
80342	-3.0682254879826
4919	0.176970750768233
6094	-0.925247943335502
7286	2.08024224900503
444	-3.43979174834096
8976	-1.05858711001207
11232	-1.85144182338916
27233	0.0744396456263464
4143	-2.70284803133117
2913	-1.15174337829173
5068	0.0106615875202676
3696	0.877914894399499
6495	-0.0287549247518915
1620	2.81642893280766
8685	-3.25874348677821
345	0.323724739887445
22914	-0.0665121402932136
3157	-0.813558476861588
6002	0.216698972472517
3316	-1.75735756917337
5122	1.6513194187588
9172	1.962304253114
885	0.236791350831084
4314	0.589521889159589
3292	0.905643742605263
1047	-0.117328102798373
914	1.66602321210731
51200	3.8780326840856
25859	2.67919165231022
64848	0.069909969056411
2993	-3.34347644459924
9256	-0.235034730013699
2688	2.73401323107801
3717	-1.18167460401461
1384	3.82200406494932
8876	-2.74090062591181
8912	1.81128198340536
5787	-0.798066628091842
64063	-1.57157647783734
2620	0.544693590462116
7381	2.24238584076326
2562	0.348204913909276
10201	5.31163813752153
8941	0.269241678469128
51043	2.38338657718766
7289	0.368932304365912
10168	3.18006789189303
6563	-0.387565248042634
6571	0.95236340655444
4804	1.16653431923871
9450	-3.72032645283864
2346	0.834546580639535
6689	-4.73611167512369
9687	-2.09619872534581
6283	-8.7767899204692
6545	-2.6583126567342
1820	0.891089074456006
8547	2.70379917059085
5781	-0.579718587746585
5644	2.2901161663832
624	1.79795416668961
5342	0.131956989601543
9659	-2.58837010922596
9487	1.3430016273136
3706	2.33698146404938
11277	2.43102854788164
3977	3.70871716519557
23264	1.75806393110009
5463	1.97399289004923
5979	-2.02526930848103
5587	0.065531891870315
7625	0.53721866743051
7704	-0.10085091781062
3676	0.821967113736966
5968	-0.789975463538718
4437	4.13175481780933
9832	0.806805556818678
10537	-4.19529411139535
136	-3.20653849907572
2168	0.035660893393217
22871	0.306470790429843
415	3.10454478523162
9221	3.83397714340151
6583	1.87799600032467
4776	1.51533607468717
1524	0.709758562305674
8900	-0.0982119939051107
3848	-1.80472641625279
5368	-3.17525435113582
3782	1.17808268587806
100507436	0.499797945468914
2302	-1.22093013319913
4958	1.7329043277055
5427	-0.421506572787726
1056	2.20638755847069
5745	0.131288869966116
5406	0.892343736727263
5346	-1.07941799077934
2902	0.974567259452086
6278	2.49794713979341
9422	2.07277207041084
6508	0.996028593492014
3046	-0.546956810029441
6533	-0.939704736664553
8875	-6.80511798631079
5649	3.7151620800626
5865	2.38947105406774
9466	-0.538639005034975
1510	0.790609046065293
10224	2.86585329646112
10223	-3.74349448723618
2960	-1.06775770692073
9586	-0.383648482113797
4487	-0.665547202417633
26040	-0.138869756982401
5334	3.00457491777355
2294	0.488968129591262
3101	-4.22602724051354
10669	-2.34019663769468
22843	1.16430959839355
1551	0.853651321081534
4621	-1.66969034174133
1300	2.90564310805082
6296	-0.215200944664513
6999	2.77119171603178
8218	0.869089129091094
3570	0.987256068306953
7434	0.12965408598863
11122	0.250278564823648
759	-3.77750928254908
4619	2.10776291521537
3777	0.405054574577539
9860	-1.52435388006862
6258	1.9321912473114
29893	3.49434979442619
5365	-1.12101719358502
1444	-1.57370994731553
4322	-4.90211863545065
5166	-5.04301026252868
11168	2.41724777702775
5062	0.190689353601021
9093	0.552262956431063
79088	1.26000491108518
10538	-0.462367928172341
6884	1.31857621661026
8364	0.281610299989861
3790	3.33187584266472
13	-0.699473473583365
4504	-0.175350501621072
1504	0.176351844004529
10991	-1.4529815357106
3231	1.32549012255594
22868	-0.843898666036686
2041	-1.69698020377249
9365	1.12581877310442
4246	1.30061250139393
55615	-2.88455342679555
3622	0.264601571119494
6440	2.84865155421682
1800	-0.382726603348376
1393	-1.6157054545952
1188	0.465062256950342
9625	-3.28011490086566
911	0.367954872339752
8832	-3.99026861779236
4340	2.64857130552059
7474	3.32969371453895
5396	2.13998787683329
3600	0.497730462889407
6909	1.22805774929465
2005	0.996785506158856
9657	-0.874567524064339
204	-1.64465635737369
10863	-4.60536629549007
1576	2.13263219303176
4224	0.386191498184783
4852	-0.624100666153474
10149	-1.12938330350588
9662	-0.292993748743889
7053	-0.804855332168962
22832	1.56474030773465
10216	-0.524244214573679
7051	0.444170313567597
3680	-4.22556896756155
3026	1.35220088225812
834	0.602529068459738
7044	-1.98878848882324
51412	-0.491845825386225
22887	-0.550640709481448
28952	-1.26619075730591
9856	2.19314174606667
2290	0.22054501428791
9306	-1.40017834615815
54581	0.257821987929828
4693	2.02395293595041
10874	0.209432932766095
3242	1.47774526593364
7130	0.554853527167034
6274	-0.00863518940689558
10461	-2.11110485365723
27063	-0.00999832635922907
443	0.226717779896094
8078	0.0284102917568611
1825	1.24056150540888
5271	0.892316878237427
5966	-0.779000601255886
883	3.97424319601232
7182	0.450472277207356
9363	2.437012923412
5600	-0.404349681583002
8926	1.04142417345571
9914	2.06823179995423
673	-0.142896823454215
8715	4.30032455047065
8745	-1.87641157824311
2784	-3.26169427336264
58495	-2.69113224979631
6403	-1.71419769409587
6050	0.469938096360821
1996	3.60700436852334
7884	-2.08587193159795
22869	0.343205671950241
3827	2.63393389001009
6627	2.64081532966297
6693	3.79967922932838
6539	-0.130148747090471
7644	-2.33320925860072
26191	-6.88421255579827
23405	-1.37524819649703
23759	-1.07630128634803
1807	0.469739570783292
5889	-1.88101392906632
7490	3.04769761825953
33	2.27797107889041
2042	1.11445413232216
7349	0.102853013108431
8292	-0.384249190932361
3159	2.13098251584856
1457	-2.74975674819379
10233	-1.05099039810206
3792	-0.767919719595659
1122	2.34671990172563
9651	-2.3498491545422
9187	1.85837360486754
10866	1.23097173587175
575	0.492362614368186
5801	3.2613481523633
1491	2.39252932324379
3077	-1.14590743773417
9884	0.177656291861505
4745	0.314745380309225
27185	0.168479655532562
4148	0.139625325427696
51750	-0.584548384814324
7146	0.718429276236406
54578	0.757647671336599
7584	0.443267902510625
5003	-0.726797534900544
10773	0.39433772978996
5583	-0.605623647427841
1368	-3.8388038932532
1842	-3.88717361216849
9837	0.458301685788409
5881	2.35479885485754
3670	1.95755296507643
2334	1.78212646763767
6300	1.44369387065073
8786	0.294279598908153
6431	-0.581188209382835
2523	-0.907364088525956
8357	1.59350396743545
6036	-16.081127162456
56311	-0.977182410201046
5868	-2.12529411464199
2043	-0.197200126552278
1960	-4.27308722862264
7168	-2.07689908853461
6775	-0.531215049448275
635	-1.42882910540405
945	-3.27103597663008
270	-3.37744862285259
6665	-1.55835376702067
3996	-4.38811903349739
11202	-1.9962377044193
643	1.67211667822
2004	1.05034582112235
152	1.71452764485376
411	-1.52294383405587
433	2.99553001963819
1208	2.55648367515976
4163	2.11515775623592
54739	0.15065942537099
27299	-0.161266275044433
9705	0.928861481233847
7855	-0.425987998298365
9699	1.04357361797429
5298	2.34701656098305
9355	0.478964061955545
27304	-0.292552051867198
7694	-0.352773116615603
1811	2.12091879662066
9223	1.66744834277002
6005	-0.208231485666566
10389	2.12560213065041
3563	2.54314626684507
63928	-3.26541223743256
939	-6.97186694772584
23436	1.59422027965528
116986	2.31866971147565
57834	-1.78251679374016
6017	-2.70410275687122
1244	-3.80534682729906
2709	1.39509239925133
5806	-0.864314962028123
7555	4.27815091843277
2662	2.38396386281381
10930	-2.40876528816204
6861	2.62924417826711
4081	2.8413071690289
9635	0.217512110077679
395	-0.0870975764213476
154	-1.64530502050318
140	-3.39396163917466
3598	-1.03367129731255
7673	1.10532748566288
654	1.59154503080165
383	-5.49147827250988
5322	1.73509035380679
11076	2.8085732622144
65988	1.31923289139536
6504	-1.20281849640193
7693	1.9516378270376
8916	-0.904974715599224
1399	1.00995984391938
1414	-1.10575636111631
4356	-0.21035050336872
5739	0.694105474387845
9831	0.314747841077299
8633	-0.183607020831532
2840	3.5299680735466
956	-2.08631236230088
1041	0.527800138203935
3221	2.23307182436688
2689	-0.645442748110807
10900	2.55429425296094
8382	2.0422569642624
1087	-0.825747975719839
311	-0.62813928150485
4223	-1.35017052120892
5957	-1.21053071854108
2888	0.964280725091449
10198	1.18488498055627
4064	-0.469451064450897
1178	-11.81541876881
762	2.57524743811523
1071	-5.27194440505101
6401	-0.9067490806822
1358	2.89224313347502
7480	-1.53726683951546
7941	-6.18212409904082
4978	1.74306012880993
26576	-1.24433506636204
1896	0.659826168114489
4113	1.50604735209889
7409	2.51144371173398
22821	0.393321668039436
8794	0.457534138199322
22853	-1.97006455996731
1469	0.793511696927367
22847	0.718564952656759
3273	-1.44598310671385
8483	-2.21844293553869
5076	0.55741033809665
3975	2.58660201261728
3780	-1.85536496780677
9331	-0.455884744002208
4326	-0.0528871541521253
3981	2.3327131462391
2828	-0.819684030230556
3084	2.01027057936962
10138	-0.263504495827959
6690	1.40952576786905
7695	1.29050955427203
3841	-0.740771427039726
9032	-2.70358329324697
7079	-3.34560681485559
1378	-3.66460713482028
5210	-2.38591621852784
4277	2.98200585057713
5581	-0.767487173466505
9175	1.26537306844103
552	2.90442505541292
1740	-1.58600210707096
1950	0.462841838313673
640	-1.12649671153942
1369	0.919093126727834
26093	2.56078907371938
29906	1.18602652711745
5624	2.24205254637894
7047	0.85467993894233
8187	-0.774050043081652
126	0.636921256943322
2329	-0.298113197581032
2822	-2.29969507758677
4145	2.86793042615966
10637	1.93267750426016
8521	1.60267326239704
5582	-0.776397022320266
7098	0.515440203111682
10650	-1.57820308281699
9696	-0.261521064676645
9645	1.36175274160285
8581	0.619395851687839
5029	0.000532150968073765
5724	-4.12878080342086
5616	0.195148973891772
1016	2.94196568535098
116	1.47211858591604
4760	-0.465388706837292
6886	-1.0850318611078
4867	1.36909760644969
6997	2.57053027583692
3700	-0.527244162376568
5229	-0.784169770507413
3201	0.769196036087696
6000	1.96186497631792
4922	1.51552732124542
6822	-1.73658210072553
3284	1.08237497619153
3606	-4.63118654548635
11184	1.41822010888438
11330	2.83440655157502
58504	-2.23045928568521
27112	-0.589755749460924
5744	2.43495214663262
7006	-1.66664435537787
11163	0.218006884871753
4608	-2.00257382562628
731	2.42977677507036
6263	0.100985715863997
2297	-1.30971560605657
1787	-0.584941876270852
11061	1.74603463412358
6691	-2.45815581549592
5319	-3.04323675397788
2984	-1.2982244735923
3111	-1.46981841917699
55888	-2.89956984233478
9244	-0.189766212229467
9735	-3.31233042971666
11194	3.30168412198903
57119	0.822564389171437
4093	1.73062678714529
5989	-0.390370391030746
8224	3.57523452682074
4983	0.695533963784629
23604	0.310166041293314
866	-1.82085811211546
2922	-2.76153143790395
1013	0.924806927529213
2134	2.09562061521277
53358	1.94665768988137
10203	3.27337803686237
3428	2.82931736662692
4440	1.5706846445695
8513	0.443735011524732
2588	0.105910197503738
6372	0.486593428334512
1236	0.386855456428762
1995	2.23991299024596
9607	1.12430303673316
9971	0.113963901239956
3559	0.527732248946653
5444	1.82041633896954
5618	-0.368985342579851
5165	-2.04791431243708
9211	-0.993504976939084
325	5.49532977551955
5192	4.04641125418071
1339	1.35386023357512
28234	-0.592793964899242
2774	2.07717153210921
80207	1.32792549987912
5619	2.17142570402793
9021	2.66482932332519
11251	-1.3870508351878
4294	2.30697658842592
4094	-2.40189166456996
9928	2.5816155395832
6375	-3.34709967941425
5972	-2.4407426132615
10814	1.40858660691968
5294	-1.46502913249843
2352	-6.05863245080879
4618	0.972666240402648
7545	-0.508709126547003
1850	-0.308672496388633
8988	0.623202367355528
55117	-1.7453569283782
2295	-1.37828945021528
4250	0.519695838441351
2140	1.19260400392209
5199	-5.25903402860114
6326	1.08161493170574
627	0.183904574018687
9908	-1.78018240727942
10368	-1.05781631134339
288	0.398979604419835
6906	1.33260623142483
1045	0.200624680610108
5139	1.96027775604327
5196	-0.608079890100236
5918	-0.300841891450349
7136	-0.650519083922085
4606	2.30276384590712
1608	-1.82675686406798
6505	0.894432432227217
2657	2.40665820733052
930	-5.76830802365471
773	0.694496689094515
3963	-0.438789308728812
8620	-3.25143438258572
9745	-2.13770615798235
2254	-3.25209588639409
9098	-0.0554809589398019
4184	2.0792589371096
6357	-1.82792840988734
26045	-0.25611050579112
7074	-0.462107950538909
8431	-2.4740072172078
27	0.693602233626792
2241	2.67055929695324
9623	-0.568610157939477
8853	-2.85428572209399
7092	-0.373937203655149
7755	2.89945798632938
1259	0.1011240855643
27035	-1.49972902023148
6097	-3.04009820393986
10261	-4.31521103233463
8710	-0.558125325052244
2641	-1.54006510301406
10218	1.80683009467201
1592	-4.00317919622136
7222	0.0226380027493959
2315	-0.981552310586541
7702	-1.75908285330488
2150	-3.58741518687128
1044	-4.88197563791224
23061	-1.86475400220645
3037	0.816454690621328
50859	-0.763033018732385
2583	2.2451845003906
758	0.879618989834772
8698	2.99213044051701
79867	2.49983196984884
1833	0.251882612519379
8825	-0.46989975580504
54939	5.03642717702034
6406	-2.99682143373457
6096	0.811728756085026
5153	2.38075029203578
3276	2.9749799932613
1990	-2.42710421405179
22891	-0.881964570777335
5648	1.82252294196899
1621	-0.528678680686612
55171	3.51867309395074
5524	2.33662306647603
57447	2.25154542547317
6010	1.41579972787754
2558	2.52588435396434
1733	-0.241115265302063
7482	5.1714826900177
55966	3.43729189112976
4496	-1.0776435179006
4916	1.2181140318736
10202	0.650529859325594
660	-0.140222997813818
23205	1.11657806398444
8771	4.26883885252111
51603	4.35188753055822
22977	-1.36406191779922
10154	-1.18587946657819
7090	0.920762722688929
51360	0.00507544705554421
5128	-1.00860732331157
4858	1.5520524657123
9834	-4.06266818562281
4308	2.03498061517237
4056	-3.38373898426481
9079	-1.76509183649693
5753	0.550288295595159
23639	0.149363672981689
7512	3.64648646655096
921	1.68691692662922
3902	1.4722664002286
23353	-0.28687881941354
948	-6.9593887590433
9229	-0.884045132793355
8775	2.87884480995067
2272	2.40588017901947
3674	-0.267912661305137
25988	1.9302768714405
2328	-5.90594056910897
55744	-0.0253887900466219
4948	1.21770334304501
1104	-0.695463618104449
55320	-1.61764983253368
2115	3.45231722898025
3642	0.426862832436425
5371	2.1725699100004
1591	0.0649983823932534
7363	-0.185826306352304
8464	2.68052224401038
9753	-1.49388015561545
970	2.86159171892058
5304	3.46303143764051
10736	1.76299650279575
9447	1.46480171289165
4051	-2.05953548619871
268	1.33922291424115
1014	0.314837868321853
8787	0.802931979766415
946	1.63357501371372
2957	-2.90932706957587
8972	-4.0305859533285
9265	1.66070603269846
6862	-3.71736286813225
2569	1.94564853952332
26150	-3.21151779312435
18	-2.66600899717161
7225	-0.673561074564285
5172	0.0126461807027498
27314	-6.46809510112877
8193	0.330028223078182
6598	0.875142121191799
1138	2.31410529195646
2903	0.123071120695752
6514	-0.917044485918992
331	-0.801787164546999
22808	1.58623189738695
66002	1.72341359998982
79411	0.53750144896764
3818	-0.387632526863604
6595	1.90429550662739
940	0.622099938220047
10388	-0.0411395277080022
5475	-1.77307041780547
3641	1.52824927956037
9631	4.25051509701084
54800	1.43791836540678
6863	3.86525654316582
6419	-1.26734538550032
55623	-2.02940478929133
27098	2.02536580014822
79986	1.49470190898994
6493	0.758575603200374
8190	2.18540493995308
57016	1.15997025597477
4987	1.91302562697524
11039	1.10080205027204
6541	1.43449308799264
51230	-3.81632744028806
7141	1.90887427282559
11009	0.812685428951712
5680	2.80315494820381
9448	-2.9786147963847
7639	-0.456735511649573
3786	0.720754825282693
11156	2.19504961795351
6792	-2.25550116923854
634	-2.28090851771967
7432	3.0803771679503
1482	2.50186648404079
7745	3.06898188896344
30008	-3.70917885172103
646	2.28774888664251
9289	1.91571649785863
55634	-1.55829229742061
23643	-2.41658013523485
7681	1.20675775305744
1269	-1.79072747314454
10693	1.73999649375112
1618	-0.621188329798931
2672	-2.80263332068733
1813	4.61724241450064
5896	1.32786375918643
8943	6.08478957541432
6837	3.44722259798733
23178	-6.06871138012132
1474	-1.11249347577412
4901	2.1093776217927
3630	-0.664333424210464
9121	-1.37406303868777
3232	0.929832776532646
6517	2.04615838042387
5017	-4.78085427691175
8909	-1.66842887249664
3990	1.09722668894689
867	1.03017729063142
57096	0.287104574939548
9947	5.18968178126853
2160	2.98146697312405
29798	3.33728115478518
786	0.0785685116000401
9015	-0.125344128878109
8200	2.22828779132633
53616	1.77909270400771
5973	-0.490137908479667
8809	-3.07996260623648
27121	0.42084774731012
10750	-1.27493615452184
7458	0.231422012614424
7200	0.37724090394681
5145	-1.6632769627334
8287	-0.974708096596688
5961	-3.12776597138226
6756	2.54343157706039
6523	0.523270837168026
9719	0.879928413376191
7299	4.45603463127564
5732	-0.982179905409435
9582	-1.83113116951976
1134	-0.0779214737500045
6496	-0.526256450174174
1141	0.984627746820018
5922	0.954420408265136
9934	-2.08255342577632
3357	-0.270545494392654
3346	1.85109135192599
26748	2.39919963619719
608	4.24455328397151
1828	-1.15742606563203
3034	-1.31272173170937
190	2.54392853717978
2735	-0.0642637409848456
3050	0.741878643738162
51276	-1.18451283240154
7030	-1.2621075365735
55721	1.3062622383798
1361	-1.70880898230333
9205	-1.23845227407539
10622	3.14939954474236
2812	0.452071981922513
57136	-2.0156274489071
4654	-0.437045334160382
105375355	2.05235684429916
3543	-2.98922181787657
80174	-2.06546562636595
2745	-0.0405960411618259
6671	3.11823919294885
6476	0.997896314371322
598	-2.10735314510478
3003	-2.23560522198524
9522	2.81452213600583
6295	-2.27324803454167
359	0.242013144934966
11245	-1.66423768177049
2322	-3.42880376668542
6498	-1.06838165525811
1088	-6.88708798721463
3881	-1.29254997849939
2554	-0.250793685946767
320	0.398501150623857
922	-5.13890574549011
2813	0.457403879949398
10462	3.09988561212567
7718	-5.25335011106275
11016	1.58518877763987
54435	0.938104971212902
5163	-3.93798695090385
5777	2.86628179925811
10898	-0.606523565648859
10524	0.175441805793395
40	-0.301440005518474
64714	-0.203115153872479
3766	1.41605740397411
3574	0.0663215461236595
5407	-0.467232363603945
7594	-3.71931384989312
4935	-0.400317346421067
3240	-3.58032771060837
7504	1.99503539509684
4861	4.58564117200632
8284	0.140905885530852
7010	-2.7655879208229
1140	2.16452522431128
1184	2.10105350534108
7287	0.164365545571798
4908	2.44352724945144
9750	-2.50293316050425
3344	1.16277665818457
2875	5.04456763763341
23136	-6.73018714418162
79774	1.44034527934069
22854	-0.76873537287236
247	1.42031283627337
22797	-4.19795057230195
7369	0.75925809855897
4626	3.20644536130561
4004	-0.170311802575876
23546	-3.0292161243664
4249	-1.79861757702601
57821	1.87706591511359
9170	-2.36145928489612
8535	-0.560527990979561
27306	-3.10580597970756
735	-0.843567538991075
110599583	-0.904587193908049
943	0.601166130925492
2892	2.84892419417334
22866	2.39146994501858
22865	-0.196122494649648
7288	-1.4241862249468
8690	1.7104958952163
1137	0.393969627562137
7481	0.738912401856691
346	0.301194316522778
3222	-0.0813920973920395
6847	-0.84088356816531
51066	1.86047073490094
2277	-0.531282633414717
432	-0.560654363975323
3227	-1.33373394624314
631	-0.901594663085637
9721	1.22333966849031
9043	-2.05909168959269
910	0.554020221992441
7975	2.7109265901723
9468	-2.84281889330233
1677	-0.641756391931724
8608	0.745080399549573
1555	1.64927174310172
56548	0.207411731794231
8654	2.07658336353911
1907	0.394498315859475
2208	0.274812895816805
10225	-0.0566335513200119
3741	0.300051109041997
8468	5.48124548337756
65258	-1.04998605899937
3759	-2.30811220133374
8515	-0.864929948366451
27303	1.2496748877362
6123	-0.13044236235586
9087	1.5783012983818
23443	-0.00872357052813702
7380	0.23602271303677
5746	-0.398507730069831
4062	2.02681121584169
22844	-0.123424269517705
8029	-0.483115746685878
56	-2.16581967751151
1415	-0.517489572496354
438	2.25096282096198
2572	0.461043547255386
3338	3.83011122130422
2249	-0.0910781734725023
343	-1.02846618307319
3822	0.847892791588208
3347	0.275912747810412
676	1.5394369762839
5451	-0.0211336752607963
4707	5.25475350896298
5143	-0.180369422398312
5409	0.31177685284326
2066	2.59056973954607
2151	0.899813332889698
8840	0.756573231033141
10	-2.8928378188098
9940	1.65036617609699
10647	2.64263511919427
4524	2.92552769704753
4879	-0.4623934774234
5079	-3.45210644171358
5173	-3.13326380771982
917	-0.421382705839231
10371	3.59629377884942
9162	-0.119584260139358
10151	0.382415630904556
51710	1.25662743016118
114	-0.910366338239195
155	1.81074279443796
1489	-1.54006825977718
4803	3.33285809539142
26206	1.47364722064149
11189	1.09737601586341
54805	1.24504789145704
29774	-0.547267186800064
3268	2.16207376754293
26013	1.92538940708307
51716	0.871651911818862
5021	1.24650958554027
5375	0.717770916827024
55503	2.3771499931956
7294	-0.0633756107221095
80264	-0.737652443442776
57282	-0.347609892072842
414	1.84451705746079
6405	0.316103098825179
98	1.82390599465106
3045	0.285319267233382
6779	-1.68598958154092
6531	0.283962518148243
8092	-1.72351093194883
9095	0.975140479518219
25770	2.90774204611239
173	3.28977260335995
5149	0.572378792137773
3750	3.2090916804283
1413	-1.3846282001536
8789	-5.40540996323583
9810	0.0611087102958176
10013	0.833647838289154
3204	-0.780765745179853
2566	7.42485727656091
10633	-1.62855686151463
6037	-10.4108030176487
2045	4.10873764509489
6885	0.077111875203977
8692	4.24573362378285
10990	-6.07583007708328
2281	-0.345774947527048
3223	-1.64941548988322
5047	1.51576456486921
54468	1.70180120370489
8545	-0.75279682852087
9534	0.0662842252732308
8739	1.43725669064086
1002	-1.19051300773349
2646	-0.411362274593527
9754	0.0658307009425054
1101	0.850391376978572
5465	1.38379945841654
1991	-10.4859831162712
6568	1.52807513427001
765	-1.94192389020797
9748	0.694890930431718
6492	3.22426304828402
4084	0.363320158173116
1610	0.429326750684187
9542	2.94406128377808
9127	-2.06260295584119
11026	-1.67294947374027
6511	3.20637089838464
2815	2.81451071174413
8796	-0.640241787115704
1238	0.599485184412645
398	4.45161593371296
3594	0.815167069614085
89	3.46525560514699
269	-2.52759394531736
6299	1.18337892624513
337	-2.17805172289528
5506	1.11539255393557
2788	0.412341472572819
8712	2.13621587967256
28513	2.27772605401593
23620	1.39451660601331
56242	-1.34585732441511
79173	3.39781671162426
4146	-0.430555046013006
7087	-0.451940992375183
8744	1.26665028713681
5010	1.34760998712098
3080	0.961874075800245
7706	-1.72054764779872
2304	2.11318107207964
570	0.130936933473881
56253	1.74978069250694
4821	0.587044169721454
6898	0.951530652239734
10672	-1.29924403944182
8904	-0.492523214980709
2733	1.03297793019828
9084	2.56580714633191
5578	1.82153853203718
3589	0.0273258784264476
7903	1.48835111336064
2977	0.640010949239904
7678	-0.335458598380684
4782	1.30052997710617
10249	-0.200572918477388
7700	-1.46661885486157
9023	-0.286899339964876
9563	3.30894570556346
10326	-2.11115091425841
5100	-0.537714051641519
6708	1.0422691911003
6716	2.68443180140179
1630	-0.00300516906980444
5457	3.36520558942201
9723	2.88717672039903
5367	0.671763931467431
7046	0.646024450657237
3362	-2.08212713372242
3938	-0.38790480877284
10021	0.0705017093989866
10317	1.17035644062454
10825	-2.31291059128652
23623	-4.12627920136769
6335	2.91891705039462
8367	-0.855753790952246
2538	0.457076041264053
23266	-0.266694290571458
51352	-0.0205179255287819
364	0.807983604049933
632	1.4659702321601
189	-0.210423342784742
65110	-1.91489339042998
2846	0.117785863158939
9477	3.87080917170822
51471	0.476131525686062
11278	-4.3332438536973
904	0.698593587246754
4798	2.05131751941642
3885	2.31064079549463
6900	3.13067623353337
23432	-1.2391752306738
8499	0.267267211764562
10663	-0.900496465658975
4049	-0.892404919360624
10808	-3.72444486554772
5741	0.295766415537341
729230	-2.77166493568556
732	-0.857201659680669
2323	2.64979294128131
6329	-2.28836414503416
1411	2.95273096534497
1235	2.64938640204781
6014	0.393712788605007
3293	1.90530939300579
8817	1.70006905725275
6370	-0.343046515397032
9169	-1.81795572754146
7143	-2.81913956914422
1234	-0.31219467669511
27109	5.27573400542915
1472	-0.8741055672323
8578	-0.305784031013073
782	1.82161292181601
9394	1.8121060837285
5544	2.91845560787053
3595	1.28277055427915
5533	2.19991643099461
1831	-2.91724950203666
5325	-4.51316820109897
2979	0.187175971039883
29903	3.25370099973718
9970	-1.64475999710277
3579	-3.479465286601
8929	0.332936913414063
2560	-0.296573006212402
5754	-2.12169439881386
4325	3.88779910616768
2555	0.768137207951409
8854	-1.20116262931358
5874	2.53389685910201
8852	1.21186812957764
11077	2.08172320799914
11055	0.400838465097005
3948	-0.832438936861946
3858	-3.28874508922629
1144	-0.388329061478967
57165	1.33890554229991
492	0.545750229737563
3083	0.709054565648598
10408	1.49931338257538
4254	-1.09500108035359
1466	0.353303353782509
579	2.90899168295339
167	2.61539746921605
2694	2.20202343930404
2736	1.14092267654382
7781	0.80918207713257
2906	-1.18103293372133
8792	0.163848891755123
9120	-1.54156631392744
1029	3.3214532422411
6767	0.966658562154976
10747	2.59620893491812
1870	0.646975108445696
6536	0.64167049403351
7068	0.63342533618935
55610	0.0976739528198495
8370	1.46468996882527
1187	0.310418904042806
6538	2.82532946572068
6334	1.90450092986819
781	1.76154387423764
10050	-0.102658065548422
26762	0.47289309667453
6546	0.928011270387336
3617	0.415102923970629
9283	-1.96589643286713
9498	-2.23796351416533
9194	2.00228065481632
5071	-0.569969182633147
5083	0.2812792035127
2020	-2.62329280414893
2081	-2.69330460620535
3375	-1.46241993536145
83869	2.81089651211847
314	1.75320422093136
9119	1.30181529254132
3270	0.88350953664361
3067	-1.82898450896017
7539	2.10722820797791
4091	3.16970130684385
5995	-0.960901552193992
48	0.203751568244932
8807	0.071751340994275
8999	0.757386515792591
6570	0.703820223790634
114548	-1.18287274230205
445	0.285258982116144
51032	1.43770796638835
10001	-2.54200767570301
5697	-1.16646152814516
5297	-2.60911480225119
1435	-0.159814845162753
54862	0.290693831478509
5454	0.22517636003478
1438	-0.314600353709671
2576	2.78361555485778
8402	0.456194489502601
4892	-1.08178086302978
22835	-0.417921148304368
5027	0.70875980575115
3952	1.85016682029579
4974	-1.97326827719121
3577	-1.69398329407795
6555	1.00007590615841
6291	4.02444802005995
10246	3.53110066446636
55669	-1.96881550682933
1121	-0.456236806343654
6843	-4.01643848127798
6718	-0.966778320241841
3751	3.83575925348798
10859	-1.78610606132541
5296	0.979143139115485
4058	-2.64142829657663
6121	0.373500775925381
25836	-1.35693926425917
25833	2.67217417684039
3768	-0.773556647054571
2015	-1.93197769209665
2549	-2.67621599202124
7124	4.20782740373042
80740	-0.727479255226582
54799	0.400175235635436
26330	1.07110485848539
51351	-1.30436550678113
8510	0.288878783108812
5592	2.22230178747223
63934	1.2582842347365
5597	-0.940941053583138
6799	2.04497854329121
8785	1.5670894526366
7768	-0.675958243753606
54658	-0.0237279020721836
3189	-1.46286391659336
7766	-0.412626237231058
11238	-0.12288263790106
23613	-1.61541959699727
2678	1.98744213534484
5204	3.6035814252547
80216	2.27057368608593
64499	-1.40259687586299
3356	3.76534110326434
407	1.01305144959739
4796	2.42004108413423
5253	1.6310646389899
495	-1.04128647924375
248	0.533932368584353
3760	1.17492925300308
1021	-0.0725002629034835
4435	-1.80332781536561
2660	0.485704758414198
3882	-0.243219325389818
1746	-0.326527875400148
51778	0.636382618947834
1010	-0.837496781823217
6572	1.09233511851998
117	1.54743353021329
4915	-0.66663009203084
11146	1.70895030361413
1735	3.97805963218955
6910	1.97072458409712
8969	-0.0179424898878367
2787	-2.66381195445247
339	0.581913840649472
23373	-0.523378558466911
3592	2.39615891224879
9808	-0.519382126324246
774	-1.15957469043873
207	-0.683030862982171
10472	-2.40340783733847
3161	1.22447584228945
2792	-0.677613788321746
9398	2.62117387524322
9555	-3.19278371808895
25875	-0.558012986389803
1009	-5.85237995938664
2262	1.16919069730578
9370	1.04216350487201
941	-0.712131813339685
5737	0.233727256325902
2444	0.262565174073209
3195	0.163279584767639
10553	3.0393799477484
840	-1.94873804223835
2559	0.636002958272891
2842	-0.814916759261974
6540	-0.160972239717547
6554	-0.896535763959303
2186	-2.57691744945675
3718	1.22504308200174
1018	5.59806591189369
23140	-1.93844530935855
3671	2.88533849006572
1775	-2.48088499393599
181	-1.89151773933324
3386	1.14371111736527
27255	-0.578029696067583
10318	-1.85382836911562
7547	4.03908800307783
3987	-0.493778350730167
7015	1.23970267281541
5009	1.44510812387485
6580	1.95209354902915
8856	2.10363450127306
25794	0.262348650878549
1089	-0.628680453469991
239	-0.947916159864768
27288	-1.35541123441244
1068	0.245445076820889
2556	1.2000045412421
9099	-3.19046736833503
6550	-0.0502007302215119
27290	3.57816698608786
25774	3.57451450209999
944	-1.59703430874737
2158	2.97919534512786
65243	-0.721254303505444
420	-2.45796789820177
9002	1.5658337872633
8399	-0.349781782930379
9991	1.76991464901835
27036	-3.54339084619739
15	0.029990581432027
8341	-0.158025404460813
10739	1.55818526902343
5568	-0.404522792211175
10748	-0.771139883299954
50937	-0.646701176244763
9666	1.7126936509914
4286	-1.95242958240902
5991	1.27392273380261
2915	2.13861555238664
25850	-0.380754554525512
3738	-2.93916995402128
5788	-6.05558859328349
5127	-2.96938632854203
3973	0.420092237097506
10141	4.68485348977102
2897	-0.2497375227601
7367	1.87940817423465
7544	-1.7094146324964
3739	-1.39036393316723
9153	-0.151243788043238
4990	-0.184254400985028
4225	-1.38252453270579
8552	3.00417568918618
29855	-1.05241753579031
6564	1.26557404407331
3953	-6.82169543283866
4153	3.41482640061665
2056	2.43170047996796
10281	2.40388139446292
55018	-2.00301933460768
54738	2.65641388589526
1261	-0.112490695588925
319	0.961023436449461
55591	1.90807545368496
53820	2.21649459877215
10152	5.34212185966859
1669	-10.4838349870831
10871	-1.40139049300701
10407	-2.1114647151273
7634	1.47576891332105
1145	1.27963957235028
1038	1.10216642751159
30835	-1.58746527440171
100852405	-0.402031757817693
51480	2.75454365411011
4656	-0.186888124132531
56969	1.48475431299758
80094	4.38321716266809
80161	0.98699933704485
64386	0.783788614795265
5362	-1.42358772117129
79056	0.357208891816013
5598	-1.37900736966146
186	1.21759204519283
6340	2.30478730196877
79175	2.25714973784488
10786	-1.63472758799995
2911	2.8796610744821
2155	0.416810709050934
1946	4.31779010481051
6445	0.266682415361152
5137	2.15394920644948
7596	0.95088781274307
22878	1.08451103692543
6939	-0.161056109186758
3358	1.89314174606855
6579	3.5538888979639
4842	-1.15513572908681
8447	-0.577578790194043
5260	0.230761423978148
3812	2.07121905802959
10666	1.15232770036179
3036	-1.09228467616286
845	0.817238070142172
8621	-0.231579119977459
6780	-3.89001891457553
23457	-1.78874686109906
6453	-1.53846046934621
4155	-5.12233456763372
1823	1.03879704336434
4100	3.31607200256297
685	0.626399904908836
2070	0.422225968590372
246	-0.0605728269717345
4317	-3.9329592802866
5858	0.57204550585173
1063	1.75208978398102
7037	-0.0752330655833567
4829	-0.863363926742276
7048	-1.19199141748711
521	2.20790530444186
6660	-0.317760410699643
30848	3.05633332158369
7752	1.60222748979834
4050	-0.976155986015244
5657	-5.19649812761765
1258	-1.34498677803733
57151	0.812402100447384
10566	2.63429750035192
2054	-3.59348289631259
2074	-0.330411088366795
7352	1.86479846599064
8674	-1.00817290669549
9047	1.20080620046428
2561	-0.602021572302058
3166	1.4303336525336
6360	2.02574947881654
6512	2.87463666074742
1673	-2.36742056943836
55568	1.16973407645515
23499	0.450528200045319
10645	-1.07476094544901
4923	4.10243372174775
26959	-3.87188659691985
7782	0.851468872094017
6247	0.601780570407344
1527	-2.81938005849521
9736	-1.34600261811427
3787	0.0571717464587927
479	-1.17350982757661
3352	0.348280618184512
680	2.36543712209282
3381	2.46621971313752
954	2.82388389266366
3236	-1.34739576150612
57047	2.494977521691
3601	-2.97967362083389
27287	0.575148963099381
80316	1.72999498048047
11181	-0.929677531067315
10085	-0.472340871207692
242	-1.9958613999571
8626	1.34492844440277
9028	0.121715231556988
8993	-3.97861481411013
51270	0.24754659533428
9420	0.603291500539833
2710	-1.98768248315018
9536	-0.540074278069137
2811	0.725798966981391
6525	-2.13329225614582
8394	0.475816007113144
7366	1.0877001607698
3062	0.892670113951995
7696	-1.2080298812245
696	-0.795115503848823
10195	8.16449447121682
3239	0.319361565397782
8419	5.32103848687017
4889	-1.52273231944318
5629	4.4483878879893
7691	-3.17970194651189
8471	2.41506194195577
3354	-0.445916796118162
5884	-1.37845932670393
1581	0.890408493269081
1579	2.46928038897229
9389	1.75513487284804
3950	1.07717607091753
3196	0.8431085419545
1057	-0.690122566887833
6331	3.40062339690872
5046	1.40886996602225
22925	3.15066292294025
4775	0.0344701559768306
7730	1.81046471487155
8528	3.17444446377991
5880	-0.0594794314282792
10584	-2.82478162047565
763	-2.36012252154079
8748	1.3777452469314
4617	1.58099918468206
10801	-0.994958489172473
7292	-0.0784675654715943
49	-1.46444952283464
984	-0.272274247299325
6582	2.2650542537909
4477	1.30254676788138
8560	-2.31880345486378
54831	-2.77731021042438
3586	-1.40597800170217
23524	-4.49391083969629
10580	3.61208539304719
10073	2.57503384414347
7355	-0.882143728285717
10879	-1.62979395168902
1440	-0.969879166144291
7101	1.87110515120042
9390	-0.608264154539427
10803	1.49418782496863
10333	-1.10593801840434
25834	2.76396883800158
23275	2.27669491754758
11281	-0.186060827002046
26257	2.41634020872147
53942	2.54725491138357
25822	-0.536777666235363
2899	1.9472927953602
5028	-0.728135805705657
3174	0.160809537340665
58530	3.61726356933193
78998	-1.46505636385964
2994	-3.19080291112507
3004	3.06888873009368
2742	-1.07548930967126
5646	2.73819058438548
51083	0.95280355183943
831	2.61343266408199
6425	1.39110713096903
8544	-1.33108101579508
57038	-0.565767048263604
4295	3.97879590489443
54861	0.950509889116138
2169	-0.52184391905382
4212	0.918166709495621
27296	2.64088881944289
55832	-0.416589518962053
11119	-0.678254764907733
1124	-1.46698331907227
80052	-1.72196921937502
80086	-0.614110823491268
80168	0.0988552031670558
55768	-3.17682065585053
6757	1.25447732090141
7629	0.506223802031352
9364	2.03475532706398
2206	1.56647364041624
1565	2.67954432248309
55898	1.88769518735231
838	-0.843044023619882
2257	1.45781837535076
2981	-5.71688018802688
6953	0.528491056911467
766	0.444577241700815
5593	-0.539844139542537
10539	2.19550634011778
518	2.89300948712156
3904	-1.28776915521899
623	0.609316578506098
7743	-1.01509040060681
2779	2.27441429919423
9533	0.233890738396958
1143	1.93638814727353
8526	1.86252162292627
6532	-0.489467592757952
6738	3.03912483083428
489	4.50884832091699
10665	0.801905477664332
7982	2.06155180832821
10755	-1.26662508681756
9173	-1.91496941486797
3765	-0.827789642540073
23657	0.666984125577462
1670	0.547929860838649
1030	2.51193898661366
1420	3.51741738932447
1421	2.02455872066433
6346	2.0391739458358
4112	-0.201161334338012
4791	-1.21701343701378
3604	2.15066330459698
5207	-1.76106240298672
3565	-2.76571865255955
6850	-5.1264077701504
5394	0.781600102132861
358	-2.02621402431775
5033	-2.64915748321016
130	0.150802727463262
8650	-0.810078778832402
496	-1.30670733349103
11170	-0.207586276382279
2917	0.247770580647377
4179	1.74056277071144
4352	2.16659296472674
10943	2.15004210611481
517	5.9571603838973
4986	4.73191051898152
6915	0.502467171206615
8525	1.62346846530835
6262	0.639318368883721
5308	-0.415777671418144
9203	0.514707576588065
9154	4.30190965730402
9311	1.20018085759286
1609	0.233140179869102
8473	-2.92901845337263
3140	-0.504010808281371
9058	-0.115907129018832
8973	2.96195355384873
6098	-1.78145334993895
6473	-1.39507337869626
9473	-7.42254378556276
84288	0.228774280976666
10632	5.80374865032035
4616	-0.348469373404076
55889	-3.58813539854317
5020	2.68411965694083
3360	-1.54546195840434
4114	2.36439712155639
4115	-1.46118144212501
5301	0.302678457097731
225	-1.05150930015091
4018	0.815633045544469
6166	0.886268252312573
6469	2.83578095112641
1418	-0.0948770248788027
147	-1.09969759904708
2491	3.81301754903422
8289	-1.17421907826966
610	0.0199037683032314
64137	1.6643269008339
8867	-2.15520273055623
8749	1.55432305787417
7516	3.44835381794645
9313	2.30115171003199
3748	-0.675718412500218
27284	0.50092614354558
9407	-0.705179409148315
9497	-3.88707332606682
94134	-0.884839942074954
430	-0.750151151321111
1544	0.0337617524840481
30817	-2.07291540505237
8340	-0.436457399473217
7479	-1.89270962219675
815	1.43396558182733
8454	-0.223703686496803
750	0.890734396581339
10010	-1.93686771540697
617	1.06918645999578
3061	-4.0697568779345
8573	-0.494015393677253
10400	2.09787136700955
114483834	4.95223647552321
6103	0.350902279359261
9139	-2.40467393854299
6542	-2.36773621036441
7024	-2.69929480543448
114049	2.0276514586601
9181	4.93489869230899
1390	-2.96579692587147
10230	1.76433578892054
4593	0.443351023643007
5133	-0.518477633564483
3756	-0.674221570614556
5276	3.83961900684512
9671	-2.49984463809115
5651	0.664726740051945
8326	1.20463844143974
4917	0.847616577976226
23495	-0.720644631431956
3060	2.96856869643975
7132	-4.29192582411792
8928	-2.50375537717984
9557	0.227706100579677
9085	1.74552434381763
1821	-4.13438887410337
8688	1.26824025397417
5731	1.73978125268999
29909	-0.836875840866995
1240	-4.30277422128597
2306	0.298095472062314
1810	1.25131080984699
29760	-5.85248433361135
51	1.01731144715855
3842	1.18209713423553
4336	1.99703602252332
9644	-0.0650063322218429
6899	2.03492342277913
2515	1.65306906576402
8747	-0.594106860944714
10214	1.85937784483965
5606	-2.44575179385496
10130	-0.197470803104505
3889	0.119640424288472
3891	-1.19358818514109
7439	-2.77857247429358
5992	2.23975696500658
4868	3.66271789361824
2204	-5.01110407393083
9048	2.7720888020627
9480	2.14113725610709
11063	0.518844280961642
5077	-0.0935814259217819
2833	-0.688553549634054
3834	2.21387136014107
8456	-1.43630380818756
6911	-1.62789213200109
1417	0.173297200634812
841	-0.625719710374515
3626	0.739065418440262
347853	-2.35026006924541
257	-1.04122281461189
953	-2.98347542526734
785	0.53893429393842
5456	1.79211138838757
3547	1.10777426696724
10690	0.353774430833377
10288	-3.61996200928453
26238	0.592364410078815
85446	0.976782433318895
8202	-1.81395624997887
25775	-2.00011244349883
9863	2.5287951467349
22829	1.82638279373146
22981	-2.15789511174144
7399	0.0687284582247552
6396	-0.211554231312361
59344	0.89644689633581
5563	2.29285647568746
26239	1.83993330451749
140710	1.41766818528489
574	0.524847740108982
10616	0.0615507630274977
871	-1.65052244779731
1419	0.88341658853839
8687	1.01288767530439
5318	-0.602667979855415
1549	-0.367020703434651
9859	-2.51651880417284
4014	1.88894024671382
55643	4.45278012873373
3823	1.04226756941929
6683	-1.03915837337042
5458	0.918840164686338
2103	-2.61287491913625
4595	-2.66267614857878
55729	-1.27518650534596
1007	-1.91757229466574
126282	0.759457417263635
1741	3.23467003594914
5678	0.985261987224428
54900	-1.79643469655508
54941	3.09234646169701
7142	2.10770491651435
10787	1.32132472896091
2574	3.0002942399355
2649	-3.32448516968929
51475	1.46735393986519
10721	-0.437091973921011
55715	-3.51741760576004
5523	0.721582170039718
5542	0.329218907517975
57343	0.215735995905322
11228	0.876715359225227
80108	-0.19613947857105
9612	0.335843285464917
25840	3.91522942046092
80350	-0.244942594698329
6276	1.64151058389413
10114	-2.37206685278239
80256	-3.61498435035943
8814	0.279057496787527
1961	0.210880848801734
10084	1.71187032396644
6524	1.99667106170945
56341	1.09972843273445
64816	-0.358745128342021
83734	1.21569297910327
79150	0.564261439499107
783	0.127311455628088
11262	-3.4307542324688
5969	-1.48783591825779
1539	1.27630330616538
7552	3.45322612635769
10075	-0.006744246126865
3516	-0.925759217242008
120227	1.56426607839422
3884	-0.917555345773914
10174	-2.94043855450442
1804	-1.97181562199367
55227	0.634599185858289
5861	-1.91299630107356
4985	1.46453644010701
2035	0.0711133785073625
3824	-0.40196936322256
55805	-2.52894885488033
100131755	0.389055107072602
9495	-3.66138724844994
9921	-0.169637972476165
10321	-6.98037958249831
1448	0.804937953481373
2220	1.61875864512246
5715	3.51548085248764
5627	-1.6486296018058
537	0.279994866203716
2165	0.893684886424671
3859	-0.16321134053428
26003	-1.93028406836629
2232	3.13764652255747
1671	2.35507143083625
5197	-0.714558670532917
3906	-0.0541170609087512
3467	1.60589698901573
3363	1.26861860414496
5244	0.899739746312627
124	0.450086193698447
5747	-1.58135376910115
2260	0.900917308170326
199	-9.09111257336058
4150	1.06580104432957
2692	1.93647052679723
3399	3.52166657689272
5511	-1.0637861387685
3141	0.216247673371504
11030	0.498048235720224
57326	1.14703578133897
51754	2.51199892352013
11126	0.776003351203223
54466	0.488628954029428
22794	1.73934010224966
1528	-1.49722663129448
3596	0.782614636632992
10393	-0.0920893434764508
5449	3.94081529652067
4582	0.0658126512153759
551	0.893165521302967
3558	3.34006640648502
2921	-2.60574201611477
3643	4.07674605875456
6374	0.969085034586944
6620	2.99432970122179
2996	1.13968306664575
23155	-1.94149888900275
55627	0.0435316324960348
11027	-6.77260616571496
5313	-0.65235764007607
1142	-2.20636808001573
9437	-2.47505091733295
6367	-0.315016542350016
7379	2.52592388188419
141	0.0262365413589676
6332	2.9379108433325
656	3.7571473214328
5078	-0.00743424510301541
1135	1.6452861964856
8913	2.7495278572842
10142	-1.86075651581776
11024	1.46934372892972
23544	-0.935843177543133
10877	1.53401628269094
2318	4.65251450804932
4931	-2.73360468194598
51350	-0.13930372803412
4185	1.72515526215669
7036	1.64177570618705
3000	-3.45478151333966
795	-2.1270338034527
799	4.81225911866142
1757	1.56070956104274
55559	1.80971393349385
959	2.47803406640829
6736	0.82147089325466
27004	-0.640141916883027
10004	2.50128910031171
1395	0.67747769811954
2695	1.85455993645196
6361	2.93459379314171
3593	2.12796622954491
3568	-0.590335414728279
4012	-1.62463390735297
3562	2.11501881322113
8740	0.657322189909764
3849	1.94455273549998
57055	2.08318961376428
10648	-0.151042626946121
9333	-0.413883905516413
1617	-0.613211036187432
1572	1.68545081696627
2128	2.38654499890693
375850	-0.32196328539675
25961	-2.26311720008648
7258	1.29353671361024
417	0.715969106668032
7543	-2.79424681196476
10296	-0.168037705909422
1473	-0.541195188572209
2814	0.961551083476881
8001	0.720446408789958
2925	1.42645321779783
3933	1.831490334269
5208	0.524884636186942
3445	-0.0864709854137341
7783	1.29314990554062
5988	0.178702442879391
3860	2.0463948606166
10738	0.967145654351285
51050	3.57206867887869
1268	0.570980977226602
9584	-3.40355092503407
4951	-0.64023311395178
1453	-1.13409807089679
55534	4.05044059822397
1447	-0.185016973471376
3567	0.586322475881679
2624	-1.99455499954742
10850	4.86875410623965
5579	-0.632568273577594
10941	1.03760539100795
1770	0.493902282146214
11131	1.65194327392687
100505879	-1.39629428709822
3441	-2.09606854446202
50674	-0.175365917052812
2734	-0.227689431254354
11311	-2.32870765106565
4208	0.135485793837141
23177	-1.5593705256012
2741	0.410241030062803
23276	1.32833986573792
1805	1.26265443997964
8013	-0.990379139765117
926	-2.7364962425795
10370	-2.96365394977813
2104	5.58335253123563
3010	-1.694583925088
10735	-0.0534279098289829
4355	2.00864764116088
1534	-3.10001242955485
2796	0.0627226294615781
10109	0.349445435104124
4988	0.60279756773541
272	-2.66360842235287
11261	3.30055674019957
10332	0.351143157010006
753	2.26584998400359
776	1.07355774064247
2765	-0.932928738204357
11332	3.64666138925227
10725	-3.44468167564913
58503	0.967368575088638
9423	0.207794954947542
2299	3.9640170998715
23491	1.75477068943127
26083	2.8798943692441
27237	-1.48508684777455
3431	-0.313528779156092
4168	2.18652495710395
3055	-5.48407595595394
7712	1.88426080995447
775	-0.368421958973346
5981	-2.75271902807602
8555	-0.0794712058709651
7293	-3.86224066713062
8214	-2.19754950138548
8091	2.05246368618992
8361	2.18834362959561
7093	-0.316236264239898
2880	2.87957321968574
55353	1.10280491597436
118	0.986249568871921
5990	-0.734952392793679
463	-2.30621223821439
8858	-0.995239617490006
2916	-0.679152159193326
611	0.524635952294816
8174	2.48791203978023
8808	1.19350039829771
6549	0.0103058381104283
4607	1.68487311865152
6011	-0.39379699544147
55109	2.86668817127406
5467	-2.00620994272566
8359	-2.39811758240019
4664	1.39486874803765
6869	1.55762326929143
835	0.065539366808135
10605	5.16704480383285
1084	-2.06735115666987
2986	0.220505552506093
26091	-1.84941924884128
863	-1.60850664756528
4248	-0.221248073103733
1237	2.30908486643371
5081	0.587099603715263
10753	-0.456216129107596
51046	1.34746301817184
2959	0.0995547794626264
7404	1.06691792899636
5980	-0.591632298003184
3903	-3.98702001131574
8527	-1.15501929958019
7267	-2.3922696277359
6354	0.930263574996511
8360	1.54895164886109
6935	-2.28900972542317
79973	-1.34395085919532
3694	-1.73568700143322
81030	1.15161301438641
81494	-0.093258224320731
81550	2.16116267667679
326	1.04357240996572
81552	-1.39281534388964
81553	-2.61146130011974
81565	-3.58074211889421
81576	1.08991014667874
818	-1.66347492068984
81578	-0.0746474385968598
81542	-0.38698097781502
81696	-0.640269548442424
23093	-1.51287051399922
10500	-1.17340039449713
81605	2.28237470371971
5662	-0.0772785396581249
81611	-1.49215352094829
81628	1.68318500627339
2696	0.678031607279575
5675	-0.745526850557941
81691	2.66392659179301
554	0.609529450409433
81698	0.925260875981778
81857	1.39568568424265
10938	-1.07998263427764
5042	3.35928027872573
81875	2.31069215836049
26098	-0.666311878776566
4121	-1.67030323397957
81887	4.0081748441377
81893	-0.126179865235199
81931	-1.0744271599081
5800	-1.01530406351327
3808	-0.263456012382463
9312	1.05565859056313
10505	-1.15738933900774
1562	-1.370749199317
9655	0.879676806020087
861	1.63266750666191
6916	-0.653801339927612
5740	-1.27056312921967
7916	3.74163413976333
5670	-0.0341589463089592
81854	-2.11614610544417
81856	2.4442421336693
2520	-0.206826736345489
83450	1.16945986043775
83475	4.54488456251648
10876	1.59344395608921
127428	2.28589555928427
54504	-5.51195423857751
1558	1.53943186053494
4622	0.474638291890022
1663	1.60780468299731
10521	-0.679101489673832
9188	2.77824586268922
2196	-0.460829118870428
2578	2.12700383256521
83481	1.31151733691464
114876	-3.43634442827243
8714	-4.85034778951303
114881	-0.263124234457701
3581	2.51485149654641
10279	-1.98919325814745
1118	-2.91263673782492
5733	1.58385623172623
11074	1.46570547191281
3456	0.213213549703679
8233	-1.94868794511774
1758	1.15108959417584
26584	1.39587208710269
6569	1.84198010411021
7204	-5.25466192018276
3804	-1.73943248375219
8365	3.29991589357825
3448	-0.589045957212636
6870	-1.02353899443057
7109	-1.04694872222346
3991	1.96162060481796
3857	0.574184631520071
4647	-0.342628389693811
51599	5.83667066023398
5672	-0.828787134337751
3578	0.0441120736383315
10254	-3.53227732268088
7273	1.01091306308365
4772	1.65330243210937
3806	0.711620976849691
7541	-0.0373097461598642
3552	-0.231785511978582
26583	-0.216641592988347
23338	2.22595279729731
3810	2.59097937740882
859	0.883303985846297
9752	3.58183021760665
10235	-0.476875544143916
8735	0.00296806009317196
725	-0.0298969508620502
4142	0.0892929039381629
238	-1.498824228825
7881	-1.71245529319899
153	1.48085519561649
1815	-3.94989129491008
1748	0.385003768888778
2570	-0.732420510646913
266	-0.664850908748295
6585	2.6387499057073
3211	1.13568253313191
2579	2.08763746673869
30062	0.0641097262969585
651	-0.932581633045764
9366	1.97905211392379
711	1.34492936240486
334	-3.4223979436741
23483	-5.50650295197126
1755	0.600589413399619
3749	-2.28589492062546
9469	0.439725824196975
27181	1.33838021139063
23770	0.961984977718696
1943	1.96481941083777
5669	-1.96495684834308
10634	-1.33653994092529
3444	-1.05825808110809
553	-0.570101166090721
3446	-0.936374675643998
4210	4.12837032941186
6731	-0.697198305347731
8669	2.26737816219968
56918	3.18337756919014
100507249	-0.100676244922524
56302	2.17053628376264
6051	0.690447678924124
56903	2.24935041949608
57116	-1.02904693545052
8433	1.06505065384663
5309	2.7011349225527
374286	0.676390054595537
57054	0.740398328360291
2543	-0.924733813487929
26659	-0.0904636612567841
5460	-1.16425912659154
10255	-1.14688777435236
8647	-1.64745059179274
9538	3.79603675076345
1983	-4.56905181050467
7054	2.60104964935637
27302	-0.860840598272145
25816	-0.79718553655157
7813	-2.48631594257401
8911	-0.590024625202364
5794	0.914450607703121
57824	2.80503212738559
64109	-1.90677389579856
1232	-0.480288462447705
5241	-2.03535451474639
3126	-6.83309960546186
5940	1.63736717120815
2821	5.16117534992583
10892	-1.11404828268696
11167	-2.7046585290088
9248	0.292676184811581
65121	1.36187350747235
7536	0.623117062569341
10692	4.59538705856028
7187	-2.04923107766356
9942	-0.411726310203695
5935	-1.80823736154832
9478	-0.225966112290056
6482	-3.05269054162045
312	-0.793355853789614
11214	-1.40404212496125
1553	0.654897868586838
4205	-1.90450822412625
59351	-0.661301031507515
60529	0.370151525145097
9083	-0.16987108766039
9081	-1.10530976840195
64211	1.49963653174411
64579	-1.2700638010326
2532	1.19330252174468
9524	1.53873950168956
2494	1.42040168173462
5024	1.47464363371585
9082	1.74383679501581
643733	-0.0429346404656414
3447	-2.34837425563484
5453	0.621737529927672
10895	-0.40749835499959
868	-1.7311900072345
8989	-1.9156159904406
1446	0.744173482453748
5594	-0.732599451296666
6559	3.91883093532967
7368	2.61152348107241
3761	-0.740515084782454
51359	-1.39966932151694
661	0.29168426850191
2868	3.13604853043434
27328	2.08260452958355
675	-2.92021061174979
1827	1.03417632993639
6015	0.381127133936942
5031	-1.62368060109781
829	-1.49389545739436
3439	0.658634401102726
1233	-0.873521205811544
778	-0.373893911454462
2250	0.47175680237883
4887	1.1143129616836
10660	-2.3913924838927
8879	-0.672100077772946
11144	0.0250165367497129
5105	-0.458672597159128
11043	0.562750325834894
10002	2.13148940004574
10893	-1.81709632109109
6506	0.198776808155772
2740	0.706286629585918
10111	0.103427690731258
11082	-2.5455860312912
9875	-0.352353890425647
5136	0.174802267339458
3762	-2.62106707392951
9519	0.260437462333502
1908	2.60579549127462
3605	0.707483399488831
4149	-3.95848361423827
8763	-0.577669370532831
9402	0.670386831628842
1500	0.00295328935212487
5764	1.73174239797454
8170	1.69161796833235
265	1.30327287297037
5470	1.47342710582557
3213	2.51259966431793
3621	0.00278410841407669
6710	-1.14238615104353
2251	1.14093640349628
6830	-0.559994154024698
4481	-7.2647270694707
57019	2.43472770147998
26115	0.357560905998009
3805	-1.96401146743323
1993	2.99398202448684
3172	-0.942966677473548
7275	-3.20413807684427
777	0.792224524949273
2122	1.36156997980237
363	-3.19905971206851
3665	-1.24960411466956
1180	1.54251001046938
2268	2.54897446964947
23434	-0.0780792937521408
472	-0.471068502574258
6474	1.18598581739359
9031	-1.61349813662263
5631	2.81001395468123
3449	0.574645158902256
2253	1.01032724115623
3957	-1.413249361523
720	0.163342342264011
4650	-0.223365285512479
7511	-1.40506156546643
5818	2.06766952001387
22800	-3.29221549417843
2563	1.50252085864514
6339	2.0985449242156
23039	-3.17803889796331
10052	1.08947349260996
3090	-1.68426470700686
10060	-3.99431053526857
2557	2.75365204237846
2893	-0.382837299742813
2912	-1.71980688564206
9545	0.553967640971401
11166	1.21989879115455
80864	0.802028134956559
3250	-3.23467074693202
64375	0.259226880166707
9074	-1.78864867166221
55691	-2.75731514277801
3746	0.474743413550012
581	4.26664458764643
3736	1.2010803366776
368	0.577465131420383
51666	2.16309963439579
6751	-1.43629873778645
3883	3.01794653492369
3024	1.3109115485232
8837	-1.28802071548807
1816	1.01219877767566
4010	2.07813145402828
2703	2.39471172154526
8343	1.94271973238276
5239	-3.21059308663962
5994	-0.790130170135784
3207	0.442604654195798
6534	-0.802152892821955
30012	-1.14417885930445
8355	0.0498710628570534
4762	2.12260314914044
276	0.812216435637272
5611	-2.77561402853666
27022	-0.949829655827656
8328	-2.22287157835825
5307	0.82463946336045
57798	-1.20025815761985
56125	0.40880085820708
2524	1.64761145749525
8968	0.276421774373668
26658	2.48613491888866
26707	-1.02871068606695
26333	0.480856157275851
5468	-4.5546857700867
26255	2.77976088789925
4301	-0.133683159286784
27023	0.100652222788433
3753	0.153674599316043
8342	3.21741582671314
4544	1.3155671565195
689	8.05945548612784
2797	3.82027777112376
26532	-1.74340983214736
10798	3.77432033970524
5727	3.06750785229539
8346	1.75926052745994
2838	-2.33002380962624
26211	-0.464554981468453
8344	3.65927505451329
6758	2.56841514965497
690	1.20880572304449
390502	1.26710237485978
57830	2.41326859619203
6656	1.87871954750261
10156	3.31083431655335
1305	0.671474990650839
10018	-1.25379803543119
9294	-3.90690265763973
23520	1.45753660569866
6703	2.70550622517663
7757	0.571249517948274
26538	0.286713042178349
151	0.632754912568629
6874	0.584964317271773
8345	3.56812057093457
3018	0.835645466104218
3443	1.66501368525309
26251	-4.0311167077058
8369	2.88384359701801
2900	2.29750872954308
3008	3.67427357910326
5459	4.22251508661148
1470	-1.06021393591337
2853	1.56051187496942
3203	3.57485029476141
26539	1.29398476096798
3651	0.347929011190992
3744	-1.7179265549545
5455	-2.48163782773043
3737	1.3274843252734
4161	0.416686842758752
4158	1.72203148963632
8335	3.69284052625879
7471	-1.62370282927758
23519	0.522379746371824
8290	3.80992832957759
7932	1.37766342901639
8403	0.793013322218704
8350	-0.863066987623761
8358	-0.177323786020949
8352	-0.605157255284239
6336	-1.59093954025969
54145	3.0290074334941
8363	3.04427010633054
26582	2.37345455815286
8331	2.15763309904069
6623	3.99367042020586
54718	-1.96412987211006
6759	2.98372795392744
8388	2.44882270250974
59347	1.55393452426461
57113	1.74186230843078
2700	0.813797752010544
5140	-0.151082726644413
913	-1.36213552860265
1394	-0.585809533850658
79168	-5.21125685769517
54659	-1.47627706495147
1270	-1.88615447446403
2863	-0.165465286648092
81027	-0.849419671599533
923	-5.89370051086022
3200	-0.0286400333297001
4914	-0.899620768701935
54361	-2.40123185773498
6289	2.76300371166767
6641	0.151997709153075
7148	-1.80955647466911
6709	0.957722144158347
2923	-1.18977212906383
2317	0.840001467042373
8073	-3.75236429821238
1642	2.08431909726885
5093	-0.737561847717317
7430	-1.04906919017378
1981	-0.374549014301031
10493	-4.69721814122384
4904	2.63459642026737
3030	0.838656093566026
87	-3.82234906586147
5879	-0.00268125674713576
7520	0.0402365436379541
142	1.77004622003512
6208	0.0618049879037464
2222	0.910969631093293
7415	-1.03003086933369
100133941	-10.1927264374783
5515	1.19062215250772
10983	-1.03843242688087
9601	-0.033945494231439
1192	5.28345977153832
1431	-0.923059412574401
3151	-0.848575002269852
23741	5.75161901761409
57515	-1.66735593727856
1650	1.28654162283382
5036	4.46726859344086
682	4.23947837933076
529	-0.301957931221879
5052	-0.194846206556513
10916	-0.427124803155503
824	0.0359331674506124
1314	-1.91857057156472
6046	0.254786323973299
3312	4.24719171366221
6185	0.633054455104176
9124	-0.663167200203632
6188	7.4543924476386
2617	2.63832172568131
5591	1.57976234060622
6170	6.71720188705056
22948	4.32162334170239
3646	4.02318581827622
7086	2.22175929349104
4898	-1.98490584862656
595	3.47906357319873
11100	3.46586644371487
4723	6.27808017570338
54499	4.57062802765887
5018	-1.10447351209096
8237	1.32174340417028
8894	-0.245565475020238
998	-1.09907242476326
3106	1.53071050953765
5862	-4.78458723611436
10094	1.9679776051463
9550	4.11696019705566
6613	1.04208300709377
10284	0.203272519017759
7529	-2.80763673048655
716	-6.27704000756934
10211	0.236179325640602
8668	-0.908046341646291
54732	0.787601585511705
471	5.40293368554773
23385	1.34459399876761
7329	-1.66033224771558
7341	1.90374373736842
10236	1.58336271127709
6146	5.11075237093785
1979	-2.79194518548171
4048	0.417955001827496
54882	-2.44298061632554
7514	1.46110897247094
5717	0.542950919376494
6950	2.86409328399207
9218	-3.37476022643616
116138	2.22559421856232
81631	-2.47184278348664
11222	2.81510813278699
60481	1.80949690049526
284119	-2.30631000154919
1191	-2.51266938062337
6597	5.09639905914659
4176	2.42492605110367
900	3.74983019289019
23015	-1.02919758634204
5693	3.49896468751746
5687	1.10931733515426
1107	-4.09716665896567
3148	-2.19920919059207
81688	-0.588639101215521
65084	1.19594447359041
3107	1.73029250248452
2805	3.6878617084783
3308	2.51642268601574
304	1.3475346490464
1312	0.772820317299735
4218	-0.000196174514370654
6628	3.11141923275516
7818	4.3255149440065
5694	5.40074542928175
54107	3.66847507092371
6892	1.84936256388927
25814	-0.0300643559675643
483	3.27224151657133
23423	4.10336166128921
7419	-1.41650088023869
128	-0.679413733711786
7070	-1.0931885100784
8428	-1.31473222212281
23344	-0.662470741487719
546	-1.96369586679868
7295	5.96880866890593
23710	0.890229880883574
1822	1.87759741062876
7905	1.86254165029397
24148	1.47403078917064
51366	-2.18390068901798
3936	-5.85934274270933
3005	-1.51986355358397
8666	8.7937951721895
23654	-1.11250257824622
1848	-1.31083703168015
3122	-6.07775585391625
51382	-1.87568181134085
7150	-1.81998239537245
6234	4.38991629025023
54205	1.89966426264364
26580	2.18635704068035
28973	2.42163423140292
7386	5.64159680262741
708	3.94425611616259
5162	2.98697476494462
1267	2.78393172201441
23062	-1.98325611085702
6510	4.23138787642365
65220	3.59184318877643
6717	2.59333403787954
10482	-2.69624028938785
23191	-1.32133246588968
26994	2.46426947366238
56650	2.29899401548426
4758	-3.56951939960047
5447	-2.32022894445808
6137	6.83216731770045
3609	3.55128570101808
5531	2.14023422676867
3964	-3.36428086505806
3397	-0.891175887671323
5546	3.68384158698814
22929	-1.22112309540033
7095	-1.91164861745754
8678	-0.688564933094163
5976	2.67380500121406
3958	-3.93900561240193
501	-2.29323191507388
23185	-1.61997434763241
1854	4.62969631807546
23071	2.36192940560366
1316	-4.92565519488706
3992	-2.14661714195928
4704	3.5429571321346
7389	-0.197996263988632
516	3.25497200448527
79033	0.634636994682154
3837	0.900727048616693
10383	3.02453812013204
1397	0.243709066730458
23054	-0.116084950580841
7316	-2.20979041022428
5175	-2.09023779445287
8241	-0.837365729280601
6938	0.459250371248881
22992	0.0532510202549817
6774	-2.73485572029684
9360	-0.726980766080739
5432	-1.7962405134508
7351	-0.439606664924452
23176	-0.557607334609851
25847	1.0185279361621
57658	-1.92525841093537
26234	-1.54831632578461
57035	-3.34476470790117
3856	2.20423231229037
2098	1.17996517890349
9500	-1.04224377219519
10049	-0.751361941200195
3855	1.18613682118994
9361	5.86582067891351
65018	-4.06816040601524
51526	3.65162521221152
10492	-0.332453408047564
203068	4.02400787597269
10006	-0.749661681138037
50813	-2.19289173421011
23705	1.69013822114301
1859	-1.80868055202962
10957	-0.601342900324584
4192	-0.085172642199077
4191	3.66770111342627
5696	3.40834058132336
7327	1.73827681048125
9061	-1.01280622998996
10262	3.21307406002205
11345	-2.39192726856543
5900	-2.19653557354233
7468	0.110614910082946
988	0.0419978394727975
8721	5.23422309372233
3021	-1.3728710551286
8490	-2.17918170123355
23479	-2.8377043130203
56270	-1.78496572907587
25828	3.85186658550608
56114	-1.50966228668773
80781	-0.107222669895899
11151	1.22693027571514
4162	-2.69461053747987
51100	-4.43698315340331
51031	-2.28621887433189
2629	3.03042227602633
23576	-1.78469809714333
1738	1.15856163943339
7336	0.617251793443404
182	0.223137669180786
7866	2.71462211322929
1490	-0.121553578056971
7353	0.306483663856471
55651	4.87398432385134
8648	-2.83849071562026
7105	-2.29178273344134
5863	-2.765294221119
6048	-2.18810587764483
1027	-5.22870500848991
10362	-2.1384432833827
10103	0.520022871652217
9039	-0.155515255960799
3043	-4.63026230270756
23558	1.35836261418657
7846	-2.71308057809858
7026	-0.283359331514878
123	-3.0448993567678
5860	-0.800126357304879
4615	0.32701162091089
3853	-0.00631704127853472
3854	3.2701415832404
7205	-0.919626589583233
8773	-2.83159601277159
9100	-2.56877501902495
3537	-7.67570273899534
8575	-1.7404520357738
7326	-0.989362082910876
1207	4.99991865682932
6307	1.54197650158099
8611	0.400818681499993
6257	1.48704853910162
10548	0.047565210732733
6929	4.30522392738249
30851	-2.80612382193315
22978	-1.98739424835146
1292	-3.61318143871615
10294	0.0549323552354584
9266	-1.8102658175405
65009	1.39985908886747
8644	-4.98434868955725
9128	3.01131544606963
26574	1.45799316619125
4125	-0.835330676410968
2824	-2.42150077571008
3704	-0.699549233330656
10551	1.06887665115665
54870	1.49879122889568
11196	-2.5185159160858
25915	1.09522864947837
9785	2.58448146615551
5876	0.144859792862955
11067	-0.935429658587732
8660	-4.17790363941061
488	-2.1280420032585
2353	-5.56577362306908
1729	0.8306340085888
84617	-0.978720450047777
5292	-3.09021951334861
1069	-0.491295734602167
112	-0.871865032746633
9277	3.29487025807127
23208	-0.0118562349297568
7852	-2.40655788764976
2137	-0.00948545757838224
23299	0.52004608519488
8543	-0.599119409195672
9554	-2.43286583923745
9526	0.148099232102613
10979	-1.2031961605641
688	2.29554813541347
873	1.28237898174896
2130	-4.03117933028846
10227	-1.70459745509354
11152	-3.96719063582954
6713	-1.3469164631796
7936	2.83698214369936
2719	1.25848648934635
9885	-1.71812410433842
4695	3.67091502560133
7991	0.924017106542329
22870	-0.126283914190022
26471	-2.13664039149644
84516	1.09001034294563
10436	-1.79786830102481
23095	-1.31727511870234
1186	1.03285800142949
9962	-0.814116312022326
6809	-1.32717422211791
4790	-5.68385923110345
50488	-0.11782288995525
5178	1.75586090736823
10749	1.53915061027849
10061	2.63121421428054
27069	2.49137700108837
84790	2.17147875876433
23438	-0.759121739058856
23008	-1.73043140543935
9126	-0.480796183023732
2810	1.35993848899562
2063	0.825588726780216
7106	-5.57261631560655
56339	-2.83142414713562
64116	2.51831109702209
3914	-0.757242086058505
81689	3.32404397280416
1201	2.94677716675329
7980	0.53028429405488
50814	1.38407192903628
9902	-2.51889439127247
490	-1.99624647586197
25865	3.63229784492153
1410	-4.73005830504065
23272	-0.715003622460632
10602	1.32571217373136
4781	1.08777649186105
3400	-2.59727158859808
8795	3.69356272928803
5495	-0.39311973752687
25977	1.31630212992554
760	-2.55006031780539
5437	4.59817322963729
4724	3.5701201697536
23075	-5.53174282742209
663	-0.245095707473093
563	3.15080116012161
837	1.56417908432436
599	-2.62348184029731
3123	-8.02824851367539
11321	-0.753814259788506
10767	-1.34954979269629
109	0.293456072208351
25970	3.14166722105378
5612	3.93363905598847
6004	-1.50853249227005
192286	6.75539738856744
8408	-0.281045004939671
102724159	3.05601575639765
6478	0.123059580060501
6675	2.12685409602788
3551	-1.9940112350439
80303	-1.90829311074788
7171	0.832526901350452
55361	0.0179179275133629
2874	-0.291720947538153
3861	1.62484056129077
23309	-1.74166388253027
148753	-0.880727523234192
8764	2.32603051815879
8613	-5.01693362950078
6882	1.17621493884314
57060	0.770833846967364
9412	0.0733880166813238
1893	-1.2548040290597
6813	3.80792309959734
2053	1.41545563077196
306	-3.16727069071831
6452	0.784448365330109
7851	1.35630012165838
3507	-9.65986457328384
7508	1.84612584389689
9324	2.94603832299564
54462	0.314023718733941
10057	0.816143519424472
8175	3.48970677489892
10623	2.60969213200791
1649	-2.53561531372797
11212	-2.27035999504699
4071	1.44783824969502
10914	-1.9344823686843
7248	2.30671116261545
8818	7.42805093736784
5168	-3.50602257817592
9470	3.57832090568417
8623	1.32454315531933
1116	-3.20328086348585
4200	-0.213640709262654
3006	5.66342242501532
6560	4.15127013762994
102723859	-1.79045358348705
51014	-1.47853048121151
60343	0.440386781619927
9532	2.4500653083607
10522	2.5878723831709
11004	-0.0820711682481194
2887	0.525272143154088
23163	-2.74674360457503
8704	-0.953916540038029
51343	2.50057252515071
3430	2.97589427894622
8563	0.214537679899176
6609	2.12053985847801
4436	-0.43765855496583
23600	3.62297232811463
7542	2.01457224407444
8890	-0.125413158549056
9044	-2.61978498325395
23598	0.196404557759399
10488	1.16563486314883
5471	3.6299423663664
10418	2.01427183551705
5256	2.02593907716387
23221	-0.898967795131528
5104	2.47105248938898
5910	0.98704762611213
23345	-0.765471970044662
57819	6.56937545426931
55644	3.45621730871493
10490	-4.44440687159185
6548	3.14562356231055
7005	0.899807219988391
23291	0.115325499283562
1847	1.99588689522282
57418	4.90253471384447
333	-0.274745830873986
6883	1.26872584014487
9212	2.34804874167948
8569	-4.29182050440749
4041	0.598689456477905
2823	0.426891606517627
56267	-1.15090281111472
9958	-2.5729715172039
2010	-0.474922702447452
201254	-2.11833495097323
25901	-0.177675844306628
3119	-6.3941393422519
10248	1.61662893537238
25936	1.21278953097833
57050	0.94566452382574
9374	2.98949433859153
23037	-1.67756648969357
11190	-3.27185118749211
5919	1.29459434085468
83759	-2.03409370549797
8741	-3.32466144366137
1039	-1.43595321743352
5705	2.9405602324721
58473	1.3580042832262
7025	2.1627230435825
6119	7.56810040889889
1798	2.68913279271364
11236	-1.04588043669303
5435	3.54009082659669
84263	-0.15299240968582
5873	-1.48251089733679
10322	0.527997667162974
9070	-1.29369130214044
4686	2.41451907645979
154796	-0.442084580922919
6873	-0.677248563466037
50810	-1.95521262969315
23404	2.96709791364899
9894	0.609049877952857
8612	-0.440676760588883
784	-2.36254114681338
2954	-0.490428430436861
9373	1.94461134533188
30844	0.0898511333116772
2135	2.92918036198666
7580	0.676383586477906
9459	-1.97558096739249
3479	2.18379538860911
947	2.45283820813569
8767	-1.26099541755395
8542	1.35166303673632
57794	2.0983755559731
4692	-0.682216176957045
84272	1.62426270780105
23355	0.877726383313162
23154	5.80336585790437
9026	0.726910135369252
8788	-1.21507842600062
7059	1.21851578125876
7737	-0.169846354314229
51141	-1.22290369448303
23212	4.69682419841083
23179	-4.08942857249779
27065	0.809763072130545
9541	-1.19027377042723
8726	-1.05752921015356
3588	2.32514202799102
2770	0.591721608390294
5833	4.50914361055744
8930	-1.86066009409711
11145	0.382604739805935
4345	3.74259563233506
27350	1.2226856679249
9562	1.58696422585772
58497	-0.932283802196068
2048	-0.19307108136156
655	0.255978391121003
10238	-0.19928191747575
27348	5.43761755092453
2963	2.82331712348886
25878	-3.43836964205014
10687	-0.836857542010922
2625	0.102968412752845
7263	0.2354770333215
9595	1.05108786374126
6818	-2.22183149875592
39	-0.921549107571163
65005	3.5966464172828
6509	2.39429573259311
125	2.03548808056209
5058	-0.277931630271512
1066	-1.48590869062429
1501	0.104963160825531
972	-3.18802749257028
22	0.958373734403178
27295	0.44802668288558
8576	-0.64890519964302
64087	0.228401778497909
5283	-1.43097033010908
26031	-4.533222367274
55916	-0.301578973056478
26190	3.61109663850039
2861	2.90403971911059
699	-1.34497688774684
5338	2.91147345450502
219	2.35417266078266
25771	-1.41739653426315
7041	-2.57985182426456
5228	1.39653706168343
3840	-0.379088914180792
23379	2.59651712745721
83604	-0.727257365778997
3298	-0.202789464169061
7276	1.68835951652086
3801	1.37540320531542
1070	0.0458923258979436
3679	0.40720932372708
11068	2.47657483840334
1147	-1.10052157176911
8824	0.761458634862949
26135	0.52538372789057
28755	-2.19291131301583
1407	-1.18733214789182
7035	-0.544993338414676
5584	0.989665034297766
57228	1.81296898231288
3833	0.744617047907516
10560	1.2137486258671
54453	-2.77443312800923
6285	-0.538192120336528
54520	-2.84621081145697
2139	-0.226312589233323
23245	0.69219502522555
5805	1.0315621783615
2203	-1.03863877769538
54535	-0.794536015038873
1646	-2.15278868570356
79068	-2.94445287597385
4824	-2.40693261302278
10026	2.88933006809376
26002	0.0519235119778292
23169	-0.769393414148801
1033	1.88343720437326
23468	-1.47364836949047
6317	-1.83452963399533
25900	-7.31399424564805
5272	-3.01264296603516
27340	3.51018927796673
770	2.72234519621459
2760	0.0625132190697355
4913	4.69641026833491
9976	-3.52213675898622
3071	-4.93666614898225
9429	-2.35327015871752
9580	0.627526857265337
8228	-0.203381636815142
49855	0.668532649063355
4633	-2.31801279462883
83737	-1.85068066270869
10229	-0.395737245940414
7043	-0.914448470236843
1636	-1.69961045284275
9975	0.691221920596961
10597	0.793118521315527
5967	0.759817434141
23057	-0.718249414657409
4613	2.52463282996627
8076	-2.40370744878758
1632	4.46255216913681
23240	-6.21139348982996
91851	-3.59560811557649
8728	-1.54750433722533
5413	-0.883518667712563
100526833	4.64267561385015
2920	-6.45855801659179
6573	1.1118025334782
9321	-3.44317446752066
84298	1.20804257404768
57157	1.20113071972186
10656	-1.05751286369166
1628	1.48591191423829
3714	-1.61633114165276
8605	-2.24964235578071
51752	0.942903236009236
10391	-1.71613383810412
839	0.622380538717846
11240	0.447199108419925
5655	3.32074459601515
2890	-1.34496122853658
9901	-0.243827067929746
969	-2.76110446418333
4863	-1.56969001620187
5562	-1.74929522570652
3868	0.666555110776872
7262	1.46600912979829
9937	-1.92607146274358
5395	2.13122826815923
85236	2.64525673224825
4784	2.50760350996446
6439	2.66338832921961
6983	-3.97168460009222
27309	-2.34894244014111
22927	1.2420676587781
10607	3.06788686298455
90865	-1.79115223105791
7436	3.13970965469537
406	-2.96066595959685
7371	4.84892779450032
100532746	-2.07747409786667
3603	-2.57260753435057
9351	2.04077037516009
1777	1.49840348753888
81620	2.33172660562697
8738	1.41169067119523
552900	4.79496180057749
9179	2.18370358812569
26052	-0.805080140869415
54674	-0.317695534772261
6663	-2.52796389007796
10481	1.72083626851988
11118	-3.48447420965389
1015	-1.30123195299169
6490	-0.162533099786542
10435	2.07913279998431
23091	0.494430919345521
3817	2.40026786188159
56848	2.21689122024889
114088	3.27548745520223
23401	1.48149511296674
23284	0.55181080858935
150	3.08795977999645
321	0.768259461873984
11187	-0.47169422631647
6696	-1.90260213299271
6404	0.952374185741005
27040	2.03328367966933
6016	-4.49995187227488
23127	-2.37428698018855
29984	0.684963198257249
4632	0.4031459323513
25956	-3.15728848086009
10098	1.42822071784444
57405	1.67062316227532
2526	-2.72407710707265
9353	-0.678862982009325
50618	-0.899950871667518
22827	0.330544629330451
545	1.10168840427278
7134	1.52033373484106
3205	-0.75982032283886
719	-6.25392892366012
7042	2.64743115692835
8034	0.0832472167724389
3017	2.43734523608968
9907	0.858798943647701
9378	1.20247979017114
55526	-1.22296070312512
11257	3.17195588290355
659	1.76217464144661
8315	0.0896684689067581
6362	-6.2110429522608
100506658	2.1616143976032
729991	1.44842133300209
9242	3.41120865165485
8517	-0.573565643121899
4778	-1.6112797019498
11314	0.222848957212489
27032	2.26079458344059
7104	2.35017893851335
6871	-1.3911157272281
10039	3.51108790285529
8737	0.386935203852129
4102	4.89798384010661
26235	-0.40823976700722
2932	0.928818476859803
7424	0.452563450987881
3779	1.44631078899035
4688	-3.63251548099676
50853	1.23309741434024
5609	2.58963418227872
11140	1.93838616887969
2191	1.47794848767618
816	-0.0328169688527532
4878	0.334399464339911
27241	0.292169432934349
3082	4.16633128206114
2057	-3.43995105443307
5892	1.42471536980135
4684	3.71583831639593
4795	-1.61418260940946
5340	4.01892901937051
6470	-3.57151628088081
27254	3.96124636252138
9379	-0.164307018908536
23081	0.0349423301899325
429	0.785667071410986
10795	-0.58820793339216
9568	5.66180843581848
5243	1.79650894298201
8115	-4.63777703004755
84720	4.40071199452567
8651	2.65773716172866
2627	2.06799417103917
4973	1.00706225902042
2618	3.48392145361351
25864	1.12766249664696
2820	-1.13391999550154
9570	-2.89867458941208
6576	0.544160914932267
3263	2.47080074548643
4133	0.101083013030558
23040	2.37160344935633
810	-0.618554140446678
10309	1.35081497166689
84759	-2.7498772164216
10477	3.40400717906014
29775	1.29034661205174
328	2.83235610528106
23595	-1.49991395298256
3620	1.20311169275697
919	-1.7724584869428
9576	2.1276447499061
4843	-0.30479434901465
5588	0.114226244141213
57468	0.704995839609019
5238	-2.04561328844629
1522	-0.684500562530497
83786	-0.44427681300535
4066	-0.127244021287024
3418	2.45511739339642
8774	0.862713801495797
462	0.107290191289616
10411	0.156967131176294
22974	2.83941025815821
6877	0.612123815544897
79441	-0.564495526806053
7253	0.692406625861451
27289	-0.939472667221928
23049	0.212018704159549
5603	-2.31118193002783
5148	-2.39281693889185
51385	-1.15078045988987
7348	-0.450824996494594
361	2.52738857046106
1375	0.220553182300308
6363	1.96324815322766
6489	-0.816506791901912
1515	-0.571355430841084
51257	2.03037897642661
10136	0.164562154505682
177	2.20648270767931
24	0.843272675007005
8482	0.215570117426943
8416	2.17885211154097
55806	-0.77895049453651
4635	2.37374738092164
23237	0.429130060726536
4116	1.40595395966454
56288	0.198067699173962
3486	-3.29439216926119
1580	1.5342481060111
20	1.815914638746
3170	-3.456133117699
2534	-0.665177003031651
5959	-1.40066142956114
1179	1.46668322066871
27099	-1.58146764584084
22861	-2.78090701971838
27130	0.128108766136976
116832	1.32247129911626
4068	4.45096158279864
6674	-0.215627113206711
3772	-1.73341683214883
8707	1.04826203028105
5620	1.65175878393573
1139	1.01075828714241
8815	4.17949857238606
51560	-2.82307667020314
1241	-0.886575607553052
7108	3.68536409122119
1944	0.817787101608813
6356	-0.181195720100916
8601	-0.0787214229559201
5376	-5.18118725327886
8530	-5.73724056255141
3623	4.05645236412439
11199	1.75196741481467
5321	2.85857298333923
419	0.918776634813931
10476	5.15873727935554
3911	-0.80947476469872
8444	0.612635263627032
11006	0.5570239615823
4653	3.70979555341759
8725	2.98092817294872
2072	-1.38995949356985
5049	0.171121072313016
6373	1.32687082447324
3002	-1.71985466899259
1773	-1.66171673391326
7100	0.272490705040829
7008	-0.128435858874705
729	0.172489409651418
9717	2.3203585362948
5795	-0.444813421977742
6936	1.3389512701542
7096	-4.02556879992826
89870	2.15721186411893
3769	-2.26778813927136
1325	0.506316377205438
5411	1.04930681763904
3687	-3.16711052878558
2551	0.504430534627985
3305	-3.47488129028779
8676	-2.57547351983446
10396	-3.38216837560875
3705	1.69247740408365
5354	1.06309590123439
1409	0.945192213387601
8705	1.14349430944522
3320	-2.40100746152731
100272147	0.422091929618211
3692	1.68304413517281
2535	-3.41795656895045
1136	1.34211195575132
11025	-0.550763459605021
9228	-0.0401060310297713
1437	0.953790801460042
2914	0.756933182802911
10265	0.343169219045931
1032	0.839163130684831
400410	2.81110991532729
8703	0.667460914143862
820	-7.59013182087918
6833	-0.873121750352424
6854	2.21039474819264
7476	2.81218393617076
8567	-2.92123874853437
932	-6.41608958352116
5890	1.4987121619733
6003	-2.14491206706117
3776	1.1028436309043
7180	1.18233604857494
3754	0.617685990322851
2859	-0.309837565143845
642559	-0.102107475716775
51592	-1.99490700537259
57185	0.645320984542924
9628	1.35325444153956
4761	-0.329628840885673
1556	-1.60565279018557
4107	2.64220572525475
7763	0.207806150695129
11154	0.885472860975328
2841	-0.544057132863152
4359	-2.50960495522407
23118	-2.4755344265591
10219	1.03636424490796
9027	2.27606497306918
4109	1.16129844444336
5828	0.637352595351187
28954	3.89838378015892
7498	1.22326737546356
10586	2.67573121931456
5158	2.25810886634257
64410	-1.29076047573586
9400	-0.0416502673982554
90410	-2.44074750941997
23547	1.86841669638856
2324	2.14713884235395
7531	2.58035073020132
5949	2.12056748662204
11056	1.60415680494656
2999	0.354624792461168
27285	3.2648446208421
733	1.59374695977252
909	0.340909756089171
27232	2.09441889144225
6444	4.20747197038946
23072	-1.30510214470407
2516	0.170993278099637
9182	0.306843621704828
4661	5.35154866823215
7173	-0.376106195362685
9356	1.55472851697172
57396	-1.83932221320099
53335	1.44125862953557
5414	-1.79846673124115
814	2.09834352371948
6530	0.97477191393779
3458	2.53530336889659
931	-0.66907034191051
54498	1.07977011175271
6327	0.589473907073279
10599	0.976458300519645
9708	2.21429434463856
4063	2.41938210696207
5928	-0.244438933553751
8636	4.97595519664529
887	0.16151239086195
6344	0.156098104323482
6323	-0.116633969192864
4580	2.79005639857429
83988	-2.42594702112946
51174	-2.53222304252908
6359	1.22764579784641
8549	0.146109172618571
107282092	0.227543894662904
1672	0.428955075782676
2528	0.31075543439824
2905	0.0564590772763092
5023	1.40040041776199
3758	-1.46007550444088
84084	-0.724609069017586
9362	-2.41660316272091
653483	-0.121771039554179
4439	-0.0174715158088269
2904	2.02182971222832
6318	-4.05576330524286
23769	-0.869366665720469
4957	2.74770126675554
11200	1.47284647095265
8538	1.17526114746968
6556	-0.621970819905894
6095	-2.60735127928144
9146	3.17038445991443
6007	-3.25767568877049
251	-1.63183159766373
6328	4.07903388033361
23509	2.50246534323565
51326	-0.824466129490791
4108	3.72209502967815
29851	1.40134645421025
4888	1.23191157196936
2172	1.4759591734192
2623	-2.67930576399884
2747	0.530062220233933
5026	-1.54788033188508
28387	-2.28775002758075
8529	2.03746573965596
3763	1.64526408142777
27291	-0.984359564564426
26138	-0.173242960383181
4111	4.12969031822366
166647	-0.645639809497646
728642	1.46135670096759
5599	-0.858871308240565
254896	3.27500163628628
51281	0.403141882187731
1791	-0.787573223406711
2335	-2.94858037776651
27335	7.29578638215317
4110	2.80665470835558
10661	-0.699686826891766
131	2.34636031568536
2529	-3.28080253810542
8829	-10.3749924119245
7422	0.460858209844744
3135	1.23936417050644
6927	0.713766731990014
9590	-2.96811336861233
1006	-0.462309414488221
26998	1.30382750267104
658	0.669275940833809
90141	1.07723280284442
7278	0.314072576496708
4438	2.73888026407797
6677	2.32273069925349
330	-3.56597377758368
8702	-0.00948460208047568
5987	-0.221243077334659
28232	1.64332622328767
1485	2.04437198895722
6368	-0.0726306597066843
5923	0.91335700957068
1109	2.67838916117823
2637	-0.808490417510287
2642	2.31835419296474
27180	-4.60484476527162
56146	0.673978738227583
11283	1.81895146305844
846	-2.90958652510004
10107	0.392856160987263
84271	3.41147295892903
30000	4.92742885013708
83729	3.92029855678046
2630	0.839595036639235
9310	0.40933747893484
84061	0.55764570498754
80110	2.67817933058744
84779	2.70791602460485
2780	-1.20484400301742
4240	1.27056291803546
9540	-0.777931265674379
8871	0.781291687300329
7274	1.81844284319002
5251	-0.416863149196328
3373	-0.0948577749971483
7841	0.337467432072469
7940	-10.7513371663302
6442	-1.75655144672338
26268	-0.205742538817852
2852	1.83949841586957
881	4.07971226454784
8600	-0.598144871999753
27445	2.67734128280174
22996	0.466845054615867
594	2.16733635204169
8793	0.904365340251251
2310	-0.089280916773657
102724023	3.91720910040486
5539	-3.31647547724081
7080	3.00844901618575
56137	-0.362523922955456
84220	-2.40837016843255
8435	-1.10563713029647
10555	0.284977546465249
283385	0.948060153791474
4025	1.6800273321946
4902	-3.69694291139125
23562	-0.0927151644920238
8302	0.482820854334054
29015	-5.05155258318262
56928	-3.49551794028514
84874	-0.240899899650504
51741	-3.45534069435123
113835	-0.492127534701819
85363	2.19536802678056
84719	-1.22014192900664
92483	0.807868146405915
10653	-2.69406555104238
63941	0.415675285510136
57144	-2.11384653867048
84658	-2.35972710714285
796	2.07223090532702
3175	-0.90622563646182
2038	-2.0375767807001
9104	-0.0128724333340801
6945	-0.0442169970779398
2047	-0.117761834418883
2886	-0.175982308372747
10395	3.06329485128875
259197	3.74548261082819
2358	-3.95384338139835
8031	-5.70325809798125
10608	0.332137534590001
2100	2.26088353328301
55384	1.4782686874302
3351	2.9115787343417
10587	2.0432883630915
10631	1.89185570901388
9152	1.24223032284442
54555	3.79829559337508
10241	-2.80670548007781
283345	0.349806434946847
5802	0.527752609638977
405	0.378198843159791
94	-0.384880078312961
8828	-0.233718890650674
5329	-6.2848133431445
8718	-6.68604140995914
10157	2.60958316926997
11280	-1.1771870909702
8838	-0.871211266594475
356	-0.0790300850956711
200315	-2.44196784122082
24142	-1.89712676862005
303	1.91826055940683
26056	1.04716822393125
653423	-2.52391648754924
2121	0.599250136467482
3697	-2.08524586110137
2213	0.814354743846558
3802	-0.0937848551930236
645682	-0.376012305193377
11235	0.989259634238042
84099	-0.1746790595144
28316	1.37040354612263
57544	0.129391041233152
28568	-1.77081962872344
23239	-0.282061026665939
440915	6.05121689778278
2064	-0.234433793622873
10402	4.76222062809873
825	-2.30352926676115
1288	3.18284216007735
51176	-1.67809288041269
5540	0.101730971761178
375449	1.1509901884326
146	1.83192248694039
8908	3.8054683868246
23367	4.67099686242393
57142	1.24636079395756
5586	-1.16534728534304
25998	-2.11891253475528
28517	-4.79934602996673
5213	2.43712164286795
3299	1.64379124082163
427	-1.54659960280776
9103	-0.570554638284095
4086	2.01956665869566
3745	0.0467097702103141
10778	3.76249983796369
1310	-0.0811478327234736
2651	1.19464988202827
11343	-1.77256978347797
7461	-2.17846331018222
283450	-1.51836491039445
84809	-2.42227854308884
81033	1.95776388278415
100288069	-2.53027576833317
3755	0.373847450694674
8532	-1.92808810730302
284443	-1.25022932843129
253725	-1.251470347942
10962	2.96575455078031
961	1.1111743777431
23683	0.295127486966712
4750	2.47402802169658
4752	-2.67047285842464
5146	-0.18605552255196
6795	-1.50399716368907
367	2.3628884673198
100128124	3.87501749869351
1796	-0.555879836051262
6528	-1.39970443280357
445347	-3.06031079202759
3452	-1.06460867806461
3514	-6.4390491461344
1737	0.713619103250708
7066	0.676839407003912
285596	-1.37751492851312
2645	0.185940126955035
886	2.4672353844947
11250	1.49815171188069
9051	1.30694235965187
102723996	-0.281221268788541
23308	1.59766242202183
2492	-4.89945792366849
1272	2.43665522742899
23305	0.981789678519145
10474	1.9386695094606
9001	4.19986498394587
5626	2.26148469010229
2527	1.27838917882154
8811	-0.901148895947013
83259	3.2665115468396
8756	2.48432050405344
100528016	0.601813151872192
305	1.99797090411658
8646	-1.60349037555335
8111	0.633405476492245
171558	1.35787028242839
27332	-2.92160099121536
8820	1.07862274152415
140597	-1.56112771615323
7337	3.71984693181658
1022	-0.220447175004805
213	-1.65579963494797
3752	0.846560018654717
219595	-0.379309294746962
10076	1.04140540899858
171220	1.21142710595536
27229	2.60829073048746
3440	1.96948473538987
3702	0.591902285458699
26103	-4.20331402703044
5275	2.37300455775671
54780	-0.39543689964345
8706	-3.00040995615539
22884	-0.973381982470543
3813	-0.39405163460926
90634	-3.78662627242731
3803	0.915873695084183
3451	-2.0009175449433
51124	1.45893073163787
57292	-2.22299348718256
23569	-3.87587004837525
92086	-1.94788142123669
80036	0.0923661439344016
6309	-1.2758175684322
3502	-2.24219326724799
7301	2.90019618549401
9034	-0.0163615302298937
7201	-0.500133443493172
83955	3.52840272893499
353299	1.59141098272443
400949	-1.17057536561392
645745	-2.59123575605537
23766	-0.447734746271353
83864	3.36943254965549
114758	-0.43091397985447
90665	2.65271141070642
84107	1.83007158874267
9609	3.61570465095552
5269	-2.19294952782161
1826	-1.37890989646455
148	1.40076589431311
5132	0.426714191649359
25778	1.62682034764781
652	2.3330582608018
27128	-3.0550526542039
2798	-0.321161765260723
100132285	1.2776908269336
3306	0.585470794076951
212	-1.1308932094924
8572	0.541712760991715
5913	1.96355342093365
23139	-2.37089044432362
64963	3.29455499488546
26018	-2.37589355778627
84525	0.392205962576294
2118	-0.287274110579958
28584	-0.227832234176691
51581	-3.93943721131998
10128	2.48245099024083
228	-1.03096527315691
2091	6.89739724682842
1814	-0.294408669667809
2078	0.740563274704117
2509	-4.24503420239145
3500	-10.0177239479905
28461	-9.45181288545595
3492	-9.47286474872228
28409	-10.7867037661348
28937	-6.1740755451213
50802	-9.45692937891774
3929	-2.52911353994746
64582	-0.291887427517134
5452	1.95016033961437
7417	5.27470734115432
5730	-5.0097013065827
6655	-3.35123374153568
28673	1.76845678788887
10093	0.428406610254181
4337	2.63053438057377
29969	-0.385875075230277
57863	0.584485582891202
54490	-1.77112363933913
1781	0.919164124383338
84549	-1.10009854030812
3811	0.989288027020087
27113	2.24612796365174
83942	-0.723210015819874
84669	2.48422970471615
83941	-1.17687960780602
474343	1.4162371350496
23097	-0.905795719482355
622	2.20239348244833
91369	2.65715894045335
84789	-1.28336595894442
90233	2.83800076890022
2327	-2.99889249097878
8372	0.736613698180238
2205	-0.982934910938966
2124	0.855125272234728
5553	-10.1640337330351
374291	6.763947385768
6013	1.52244146626104
10478	0.0806422591472481
515	0.0169581548140713
7321	-0.885695672693254
5408	0.958564504996643
84296	0.0648945186977975
7462	-1.58344785511556
10955	-1.95157402701829
80317	-0.370033495114291
25974	-0.578871240543225
161	-1.9868137025514
11219	-0.355818722265554
8085	-2.40092464164519
28831	-12.8183824069523
56101	-1.39424919547783
56142	-2.41293842289996
23043	-0.372582399734013
28299	-9.993795092117
56143	1.49162639099511
100861540	-0.978522958975384
8455	-0.997902930913264
56139	0.907402705855009
56145	-1.10636875921263
56107	0.140867028328386
23522	-1.29858977408712
56106	-1.91026019460754
56105	0.0731810562571909
56112	1.69587118382859
84612	0.612074131645782
56604	-1.58989299132664
4640	-1.64777166129226
60676	0.481749262958991
57573	0.274259635525397
23236	2.72558549158421
4627	-4.52074434259867
1778	7.76985775865261
220988	0.846884926439272
23193	3.32791771340249
23204	-1.9035371096585
3309	1.42684445303218
1975	0.787584983400285
7178	-0.918212393040077
23215	-0.614403998333839
3688	-0.798747734738805
23352	-0.759771867091601
3843	2.28228745634704
7879	0.867073902376422
677	-2.17416932488799
10092	-3.07902732087616
1284	-1.02371732423885
114908	0.67691354963175
11165	3.00250266733927
84364	-2.3497520782279
57720	-0.209526124513027
1282	0.941887222928714
23214	2.00469855037306
79026	-1.38937637829393
7155	-0.289740058295013
6605	-1.11856500604289
3113	-8.32168148011141
23117	1.16189922253651
10147	0.867640159559372
26099	0.725165964267515
23190	-3.4764492143772
10963	0.973316769215893
55573	1.5411952736321
7837	1.66071883692871
130074	1.12167000996488
26156	5.010569348671
4288	-0.146229632620295
2314	-1.96014622682534
23265	-1.24517838378733
58517	-3.67288308744679
53635	-0.521802184697447
7416	4.14823982661029
9114	-4.36957199622115
5595	-0.715822973986206
26001	1.77690188296092
8565	3.68251346445951
147179	-1.15102274849274
23042	-1.94791591251369
25941	1.39885687454284
23199	-4.12602232133121
23350	-0.529384421677967
26133	-0.150981380701721
10079	-2.29253978068166
715	1.65628366729038
84726	3.17950743784661
4297	-1.97454164466964
4637	-0.0191121714560625
113419	-0.517642556721775
293	3.78676190961484
26284	-0.325170399935388
23203	2.25830943817482
2907	0.53069018710333
1291	-1.46109524943839
23089	0.533873594165715
57509	1.50617726560164
388	1.38399204299923
23633	-2.00288851001013
23543	7.84722062730224
23197	2.93294107364603
90861	-1.5769468455563
23516	1.3597337194378
23673	0.0909453330850855
552889	0.0340478943793697
23433	2.105438743069
26123	3.00382526529133
57178	-3.25811216161793
5905	-0.32795844363292
81614	4.13107625896698
26065	4.85569965251607
23187	2.46469254135246
23244	-1.04701226030124
10985	-0.232769321797874
4173	2.23113728359637
25777	-1.15173074126307
23107	3.97001961868479
23207	-0.856402834479008
23381	1.7766252790895
23167	-0.255036167124442
23126	-1.02725800972707
6383	-6.25427440970786
149603	0.552710693413293
23339	-1.70910964913596
11260	0.87557878832523
57498	-1.15824023205674
92703	3.52125047652107
10137	1.24426670319198
11328	2.57776621832122
25957	-2.41961746505445
4502	2.42358586980767
31	0.253008095777276
115207	-7.13796621661984
25839	-2.05137934629053
5270	0.109812868838176
9777	3.46266226376907
23164	1.74325804208928
114932	-1.49643128920164
23141	-0.10225483897234
25963	1.69403408062786
10410	-1.05371538886483
23389	-3.06948082060299
26173	5.0923443841274
26057	-3.93695733960339
4976	2.3402711163917
9581	0.484284836866994
2194	-0.685787241089161
23198	-0.534882023376733
216	-6.16642513753186
57017	-0.357081152704169
23014	-0.32450042383651
23360	-3.30177122186975
4131	1.60611470905063
171023	-1.96209956427914
23129	-5.75084171553669
5295	-0.815889534129374
81488	4.1701774213942
7277	1.17348617695279
90411	0.332120758069892
23165	1.33294221255574
92140	2.7098746201924
26058	-1.96779800607189
9444	-4.3480891114642
23063	0.272978004145135
1992	-1.13126693913048
8888	1.33470087472125
23175	-0.348788340024514
10847	-1.87761833298224
9110	-3.48355420282958
27346	3.47516847009116
375790	-1.06623364763545
23253	-3.73335145537182
23512	0.560306114830196
23048	-4.06681705434656
204851	-0.89741986903175
55970	-2.44205917109465
10213	1.94725540656883
79572	2.89010975443488
91754	-1.85884982075454
200081	-0.745005898301694
23168	1.29512933848308
375056	2.008649198696
23122	1.13319225565485
23231	-4.04620831222946
91782	0.472548187669913
23225	2.3703854604017
23534	1.26433981057243
9905	-2.39368561474864
55187	-0.152393093952804
22998	-2.63333548158505
22937	4.4809907533093
5934	-2.56401817653101
25940	0.299962999548739
2036	1.59277729948824
55000	-2.5090974304799
4642	-1.7939990693918
286451	-4.21269367463043
23213	-2.74675641557432
64764	-0.488295131941549
23028	-2.40213300223056
23216	-2.27964580923065
8893	3.57946744087233
23351	-2.49739300043789
23201	-0.699269414648265
25999	-1.22710709666674
23053	-1.04993015101053
271	0.875912106199572
4430	3.29735322485884
23036	-2.06810192440543
10116	0.492668934670198
171017	0.229389520395417
387680	-5.63889353329974
51029	2.04075594012071
4628	1.02864575510798
57634	-3.77216386191769
23070	-0.233068097435809
23358	-0.939635344855276
6305	4.64671182674883
23065	0.371194507996681
9686	0.158130313353807
399665	0.659624527775204
89910	-2.08543322034769
55251	0.840784385135465
26092	-0.385305433785549
221154	-2.65834692417994
92856	3.94573801705903
23157	-1.01142833239718
1997	-2.5045618505585
219654	-4.51235559746766
23313	-0.816229669394317
22984	0.229049590543002
23392	2.28199096781387
55544	6.18341106706253
22993	-0.55538473149238
80273	1.81205474694709
1059	2.84911103774354
11017	-1.18977660946763
9807	-0.0178604675583762
9778	-2.63416401066663
253782	-0.746628900954656
23218	1.45893753425665
23327	1.13880221502714
25948	-1.56116174479902
9728	0.329848359115799
26128	-0.223048042111902
91746	-0.471838726211354
23277	2.60806247897036
200734	3.81884983601633
8801	3.21336907132332
171546	-2.76119224261281
84193	-4.50405108153145
23317	1.83387586602941
23080	0.569953643323254
23527	0.327152155839097
64795	2.13755268366915
23384	1.80633730128937
23625	2.38234830683831
23131	-0.632488022815487
23030	2.56230068253005
29072	-1.53094131715363
23371	-1.76136727603159
93487	-0.379969705019569
84890	4.15536265365583
1051	-1.42347444497735
22982	-0.736200198692482
23383	2.00527419705813
23505	-3.91890459409918
64112	2.16080951885629
439921	-3.40065647281176
23171	1.15046782109796
10498	2.60811323701625
23032	-2.91116308997438
116985	-0.504757188808194
23396	3.82207693107295
7324	1.54527288984901
5151	-1.55875960539671
23514	-1.84375619616617
23111	-1.44415133526243
27351	1.23529434056799
124801	-1.33267231596365
140609	-1.09252267888112
3934	-7.8761879354671
7465	3.75654745465117
23200	3.63006653650526
23348	1.1032617554663
997	3.06759720236054
55023	-2.02207901204369
202	-2.555930062859
9326	2.15136370100392
23051	1.98916064979639
285527	-3.80663281046627
10486	-0.967735741238156
23248	0.375525073268616
5575	1.69291457349591
23513	2.2613716871933
26036	-3.96191004902706
10252	-0.18788309220254
23258	-3.63655089825669
23246	4.95839526082495
23510	1.40432784381815
23012	3.09421649284219
23347	-3.52877478610939
23052	1.87926668982146
57680	-0.449305657792424
91304	2.75311787084115
23295	-0.0147423238425471
2597	6.33831591305964
114882	-3.36992686507855
9716	-0.748610373359541
23029	0.783048559312836
3512	-1.89530630307092
10042	2.10269602209422
23001	-3.34259860107244
26053	-1.84442763563304
10240	-2.43232869432983
10000	-2.45071215737255
23220	-0.274936022466006
23186	-2.79606974104061
84159	-1.05617496455184
80205	-4.50870279038146
23060	1.11382396484654
23306	0.913941989416137
440026	-3.93244014182046
1123	1.70356737451171
8677	3.88393511017081
23016	2.60308927492108
11336	2.58610128368632
23376	-1.73172360119236
11059	-3.70992674076805
201562	3.97051065510407
3097	-1.34271367642035
23180	-5.73234200964094
6237	-3.53074349790336
54505	1.60678159309409
23301	-0.372648382108432
9886	-3.39168338742969
23174	0.442990435419131
10102	3.36834954856191
3557	0.179068925234987
10184	-2.74522158782175
5817	-2.94043704421452
23307	-2.10591440176356
10382	-1.23901043231311
25976	1.56935495097806
57154	-0.6013582115489
2006	2.33067664039649
23173	1.18431086203056
26608	-1.48993520631066
26472	2.61145393732509
91289	-1.93285716224573
9673	2.78610845885368
7551	-0.130085324048768
57460	-2.0867139155803
5291	0.335716243773984
55818	-2.09018466170959
23259	-5.62010798020704
23511	0.443252879490496
987	-1.52601086969456
23195	3.83771095010793
5096	0.700356185857919
1408	0.816144217789473
6047	-1.54993489695805
162427	1.16184866459923
151011	0.462335788125912
192683	1.7217590997707
9842	4.72740707476914
83660	-0.41465822658681
23318	0.568653380144582
57104	1.39484597535125
339287	-2.65367056464353
23279	-0.524923773699229
157922	0.355573460188322
4239	-1.46384934865081
113251	-1.1732291266145
57553	-2.16559416752167
140890	0.354923597615619
23210	-1.68337569807199
390	0.659338366027546
23336	1.98702098133744
157567	-1.19162826180375
9711	-4.53241465024755
89927	0.833947315115311
84986	-1.97738175915692
4833	-1.13867746776683
30849	2.22781730994256
27246	-0.420614954715004
25898	-0.669785447730109
585	1.66556086518726
23294	-3.05966730578182
57591	0.810220712466483
26051	-0.147640219746215
23332	-2.27058875619584
23041	-2.64597396166824
23304	-2.52929983216336
6934	-7.02830371361428
23271	4.34600952271412
92170	-2.77946159096388
10562	-5.85440007334944
221061	0.688726598489425
23363	-5.13291970240128
6654	-1.98498413473881
23241	-0.297960213667522
84162	-2.75818920297078
5439	4.69123443542102
23152	-0.205926515630599
51574	-0.874994721242217
23274	0.00522941757493556
56252	-1.47106164296562
2512	-3.67639966307897
23310	1.90724086989656
127703	3.86434111828541
23333	2.32742778137356
23500	-1.31299610142406
23325	-2.07099598796703
23102	-1.60646789672554
6272	-0.00936510714393625
57037	-3.68143147121073
10228	0.172797777109013
11113	2.21570839317286
26130	2.50143349113049
4665	0.289927234959134
158471	0.966168292007012
84901	0.308041103959466
256987	-2.17268523333753
83700	-1.75016745497905
23382	-1.02352088808349
10973	0.327704042368099
875	5.42648136833373
51665	0.0427940927798237
23312	-1.67205455373409
26030	1.67465660606572
57493	-1.21691169540869
8939	0.363074755123574
22976	2.37406511715276
1955	-3.48379184434478
9793	2.0855777711079
91137	0.504226865832127
23172	-1.30573530635351
10714	0.711868354427936
23268	-2.1473696129057
26043	0.476922706103207
8495	-2.11931000309048
23076	4.40752313457449
23034	-1.58919026525727
84909	1.93301141408355
8312	1.31253074693166
4038	0.392397690550774
23142	-2.20470449688621
55672	-3.82326479765383
23151	-1.2083354063862
10923	5.27591012522247
124222	0.729111817332724
4493	-1.04954617745551
84243	-0.530437934190615
84975	-0.783715723911927
8760	-1.53361083919523
7373	-1.5926441834183
203069	-1.23430673466955
8550	0.767280442323676
23526	0.404120509610897
25966	-2.49938461370445
3831	-4.17337687555529
51588	5.26889335626265
23335	-1.69649758527732
10199	-1.10769862047313
26112	2.03862482945371
90480	2.88611532151162
124565	-2.38455100116954
8427	6.07814994828297
26009	-2.14074201272385
6832	-0.0580740757736229
29	-0.186141478068585
23517	3.22429678813456
9675	-2.14811609402254
10802	-3.54283556479963
23283	-0.315282799260126
57470	1.35448695561864
57476	1.8209058793243
7779	1.09956674407257
23341	-0.742403983067836
116372	-3.07735696943605
57215	-0.35806604529651
401251	0.102667421712567
23492	-2.1247035024694
23024	0.764794581026941
23133	0.23458719658725
167227	-3.56958384390531
56950	1.38542848819053
221749	-7.02464147406384
126353	0.464508343458932
23137	-0.034179315672638
23270	0.318148558479987
6942	-0.734712566778887
22930	-1.07151294770984
137886	-2.31989023947699
23263	-0.389553126749668
83989	4.12875957022536
57214	3.15823470705135
9847	0.182698778679359
6526	-3.3432060924654
23269	-0.354445759407508
23078	0.52371124252796
23315	-1.15262356610445
23125	4.58491661504668
23397	-1.38845749636661
221395	0.810211621373982
8798	3.53197037811545
5438	6.0742458482967
23158	-1.96154718849355
92249	1.26453939850795
79158	-0.81712407619912
541578	-2.63890140032191
85360	-0.402757696733093
23119	-0.84150198563975
5986	-1.28449848978686
323	1.32724714025345
22934	-0.892001765540553
22898	0.0142201947591223
23507	0.0599203494138017
57007	-1.07274190280452
23390	-1.22481115361697
3265	3.00303078963179
11011	-1.74648598267681
259230	-3.42083101327343
113146	2.55918496311624
138151	-2.98466505973911
57187	-0.428849542400923
23515	-1.06686092848296
23452	0.656339848661393
23189	3.33295831499147
55215	1.30764240939579
4591	0.597843354076218
112464	-1.37448667146829
4734	0.937321277402671
9479	-2.01649063821785
56987	3.45408258277896
171586	-0.877995732672098
26953	5.94998449069891
7402	-1.81632642631717
7110	-1.10437951711645
84942	0.409646964030712
23243	1.43403752690448
127544	-1.22382980540881
23370	-2.06668495729892
23467	0.89796684093313
9862	-0.101312500083235
6093	-4.33353225437855
23031	-0.157536390004448
253959	-1.32206566594643
23242	1.9912081120711
56829	0.322182328360111
23354	-0.418715214194448
23150	-1.98215721477276
91647	-0.0983136433118695
23331	-1.07589746596294
90993	-0.824253329453906
1117	-0.757245387497987
123803	0.336854908308594
196441	0.0800431402991889
9853	0.665390487773057
5286	-1.32318282607598
50626	7.3549142972917
23503	-2.59000616018597
169611	0.497989465724793
80271	1.33213103081578
254531	2.89725438685126
90121	0.355163191663648
9278	1.13965072996669
11046	1.06752217783306
23286	-0.67427132024747
23234	1.2844144385069
57211	-0.334685595365617
9911	-0.738203013756911
27000	1.19464002589708
9125	-0.861991824231357
23357	2.54278497272844
219699	2.82899697168188
90627	-2.7320302338311
115939	4.97407184660588
1287	3.7344407061491
200576	-2.60068696195811
115201	-2.11322485002304
55958	0.210491955982845
23074	0.654041242269614
206358	-3.05075814023417
85453	0.288509746761679
4238	1.96788576385066
25888	0.998542606897519
25903	-2.46590810718971
112950	1.46936209285571
2653	0.42193708946802
27349	0.8813117849526
10865	2.86325098870551
6591	-2.96416435538851
26039	-2.80958685612075
5681	1.52154996593571
54103	-2.79080621802804
257407	2.0740007329025
144699	1.12862983258663
23135	-0.33304340730665
3206	-0.741716528290634
989	0.317942784847294
10929	-0.485603828246105
23067	-3.78136168883641
23302	2.33160899739856
22990	-0.313818694337071
1794	-3.39276848974203
653784	1.60790578066939
6670	-1.03167702694783
2882	1.01141731614813
23508	-2.07128041849698
23162	0.253038404883226
1028	-1.98262531199675
205564	1.41159379111149
23247	0.0700713069005813
84864	5.07811401439308
91949	1.22562567809527
148022	0.648471918008568
90326	1.66628945729849
6091	2.00364507767576
201229	5.86270081335719
23361	0.0639949758468761
460	2.74392651887577
26005	-0.413796395754086
6855	2.17160262367472
7138	-1.95124822632149
9739	0.243416173187966
10302	3.28663699193424
23113	0.940787110608096
23132	4.17351776217374
23506	-1.28047069775746
10629	2.90514720328041
374650	-2.70594482676519
11083	-1.5969988596581
23252	-2.12638590017927
108	0.971504839645021
7741	-1.47681965409733
92482	-2.21802069150038
23235	-0.755500441423286
8622	-1.06773535012286
30850	1.42058992757827
1762	2.00568746160902
57613	1.65868818102963
400506	3.20142905358432
23328	-7.2033162894752
57205	-0.0407309660406665
10464	-1.86150151733065
3851	0.167595001213328
283638	1.78500494734681
157680	-1.42528084442766
113178	2.56739605779143
107	0.684538806055255
26175	0.543891355890628
79987	-1.42362061089319
730101	-0.54142467341179
23194	-1.21932927836006
23112	-1.02338598289613
115123	-1.6066449689554
23098	-0.196659660446903
2296	-0.933833439085411
9881	-2.46678163522686
26278	1.18309821604253
5222	-0.599194313077365
23033	-1.03230337485826
23261	-1.32977425568051
57209	-1.1966396560269
57146	2.7000039359214
26011	0.339896621612531
115817	-2.32001649901212
23108	-4.00458580172299
139322	0.874327829269006
6297	4.00500425241153
161291	2.81945041533642
129642	-0.928124664464182
23161	-0.81405773486691
10346	-2.05428605869127
1540	-2.76518613700534
64777	0.777848004494237
51341	2.6383657328437
23130	2.35266390388054
5198	2.69680485475813
23116	-1.78427958491515
22941	1.91080218198259
23228	0.635507638583225
27161	1.4244299365712
22980	-2.74031749461023
57150	-0.887668686742885
2844	0.0182328213567336
91966	-4.2235025806896
57608	-0.744771265686529
53405	0.659485536112157
10196	1.74853212776022
221443	0.368091695034234
6714	0.453627406479263
25945	3.86572495105631
219333	-1.00221883358301
23380	3.3284204585565
25907	-1.93250152778204
57212	-3.42091441976067
56929	-0.395662561764
10413	1.46404263116354
81544	2.57355457199587
93081	-0.167366158837562
23023	-1.8866376283233
23461	-2.71495577677272
404672	0.820690131789143
23255	0.287885102831185
23424	3.87307657240396
340591	-1.01779860937639
112479	2.93990029439433
155060	-1.71141409726649
8541	-1.69449566354866
92211	1.61747777067637
51460	0.209824316204565
11155	2.99599678442758
152559	3.80024775996746
6206	4.00508399952014
27235	-0.458958334371228
196740	4.49641528386154
11223	0.0501314823252374
5331	1.4693666657022
84302	1.19209958351126
54454	-2.49885877793077
23211	2.12579084343626
286148	-0.720965292886992
124152	-1.02362641004263
84804	-2.63719413470536
23005	0.423105260560897
23209	-1.55680622693658
56948	-2.37616855573667
126208	4.03347406112578
57403	-0.328656412460017
23035	-2.92128459855541
728233	-1.22859716959859
27134	1.91390097648985
11037	0.305670331311159
1193	-0.195154325451561
90957	0.518803592704467
54587	-3.56660255498358
23366	-0.505772180965455
10799	3.93243218850729
80114	0.208418891034275
9814	2.07389618231118
727897	-1.44792387486291
23314	1.25684441107364
23114	0.766295411637332
25803	-0.22544661628015
643641	-4.75199026473325
23144	-1.56222696865782
3653	2.24065730238098
10940	3.06511358072821
7738	-0.531352183469589
378708	-0.342349965844814
92689	-4.48154550473306
25928	1.0218051394973
9258	-0.168998145696939
317662	-1.40070634742197
155400	-2.02057239684905
25759	-1.06137011354079
57799	-0.264614125755324
8153	0.604057350745904
2068	-1.7745177419262
80055	1.16862091178697
261734	-1.03139452296722
154881	2.2200478417439
3683	-1.29882400724679
23254	1.16540495062739
4885	0.109594267249444
1795	-0.904215474215351
23398	-1.9895285797652
89845	2.81716375013662
53844	-1.36477388070064
25992	1.39405193003222
1280	-0.744318760736899
9890	2.31912444686994
25841	1.34435917238946
1181	1.93236242233223
91316	-3.2364505570389
220594	1.07684606088393
8776	0.313910875460218
122616	-2.13180722194929
9401	1.98323704665769
898	1.21005200171692
50486	-4.45438060549011
55957	2.46133084195945
146542	1.87582111921112
92342	3.02515236213322
915	-2.07624938208653
7923	-2.60535024995378
374655	-2.72530144776677
222161	0.0281090397244044
23066	2.57731688858612
118987	-1.36458265009408
26035	-0.676009538926837
112611	-3.2573020332592
390940	0.819474429100641
51755	-2.33855821187283
168544	-3.98703287517264
254394	-2.66447982772038
6039	-5.50209861746079
116039	-2.1564710860062
100506603	-2.00516385324015
23250	-5.0413127486617
155066	0.967012274294562
146712	0.640212148837173
187	-1.0990731322747
11339	2.39324172048968
23094	-0.361879812077575
402055	0.999354378939379
151230	0.51682053031861
362	-2.04272493180633
116984	-0.0683889588551527
1298	-1.98078857276362
11127	2.87956655927793
10924	-6.34465837711496
387032	-1.11491091620429
84869	3.22279111005239
4494	-3.40038825926051
23148	-0.551054984398136
1723	1.90411539618964
23616	-2.51087552869299
55687	0.827357358436402
23349	0.651070461126836
221692	-0.825716461036742
26048	-1.00768057098974
3633	-3.67829393338421
201134	0.134674026202007
1763	0.533198084728669
27124	-0.548153916590951
27097	-2.55019445028399
7626	-0.387845913900549
8940	-1.31823132192558
25891	-2.58406186707426
54463	0.353269620021051
100862671	4.7915513283836
23149	3.81091443741838
29937	-0.667219080306839
3495	-12.2239182613412
55742	-1.83716442681984
441151	1.73594886460956
5378	0.976897318184655
92104	0.944724146120997
10762	-0.518875508473631
100506963	-0.510785111060437
23230	-0.9083615042049
6165	2.62891392108799
388650	-1.04304050998337
101928378	1.50558029612484
54665	-1.04073302448884
5446	-2.15851590666084
100506144	0.760727708623381
91298	2.70698557891938
150759	-0.350519347956272
1749	0.201301032998484
80823	-2.3090282144117
3887	1.36269986208681
54898	-0.244744606666074
89944	4.04398936286077
256949	1.16227083129329
6398	1.92399575209371
6657	2.51673069895597
64131	-0.0116230444631664
55660	-1.58467533695285
4542	-5.34302090992889
643699	2.63223564884277
498	4.08370975491718
103344931	1.17751272901647
100130348	2.41788423490577
26033	0.757345740116517
9866	-0.0888059685798705
284352	-0.985560371568897
79906	1.35569481381189
56890	-2.08179042668666
27316	5.02555495529414
28996	2.19783269512518
8844	0.573712218525429
26145	-1.08244957559497
92822	-1.00781183171669
129080	0.0736632845379805
7062	-2.99951503524816
55705	0.723726721458103
5179	2.38540748950361
9456	5.58645323244668
25983	4.2886718857937
5786	-1.80060788735135
6698	-3.26888393594955
91543	0.963996551993028
3075	-2.49183589463181
3921	9.9522969297816
51099	-0.513675239335657
58509	-0.469177731813284
11213	-3.79649075364663
79064	4.75249802626732
80765	-0.0952334139416847
10215	2.40519953541713
115703	0.613893348997139
440073	-1.9696991524092
84705	1.82209481590319
79789	-0.475641824675343
260294	-0.904669694599438
3202	-0.422731619217435
2898	0.2036664198543
5630	0.831027960434012
1849	2.26564087410861
375346	3.3058630008345
9939	3.54130080270943
120526	-1.86001673263999
58500	-2.26764271688129
25895	-0.418062257459643
51686	0.426699086017498
131566	2.89502054342911
201191	1.99878282642386
1302	-0.00847760525276661
5267	4.23168223961404
79912	0.640481205330174
5434	3.09063365970614
5383	3.56624463768914
221981	0.362654878926553
6150	6.71464045715425
9413	0.0477689853353862
23732	0.896403886893323
4603	2.53292056945463
339005	-2.916245921849
131578	-0.677268927920964
23329	-2.73835867218619
4818	-2.27570941469645
7568	-0.000277018087396967
23316	-2.56873853255592
6750	2.43224367535783
146057	1.77363639418261
5912	0.506793339275143
375057	0.375366140537798
3267	-1.35565190983674
4293	-0.458182387062487
23086	1.14154224313847
3105	1.71041683221363
7571	0.175609741509107
26059	2.95663170662703
1953	-1.66523786583142
7291	-0.195259398450143
54474	0.592234276780519
26049	0.226002658942651
91977	-2.75527437655818
23322	-1.00363867418397
100505761	1.61943219856047
26038	2.69934014788237
138046	2.09023634611688
285282	1.16439804913202
57188	-0.405973070231147
4069	-6.80334059366749
92154	-2.3226848361097
54093	-6.48138558024546
29799	0.418728152171758
23359	0.187240347461989
374868	-0.124503852662425
30837	0.87889308248122
23426	0.504194446575059
347733	-0.052959841403144
85359	1.9299554183363
284439	0.588891411636557
131544	0.309501304585271
7535	-2.13199615650244
6355	-4.06182015792519
11019	0.408991136300206
924	2.16798978549351
286527	-0.668303751995122
9046	-2.58991888058467
4610	-0.398974838847379
10561	-0.272285896560894
93594	-1.00649958620251
4793	-0.624267302582095
146227	0.602473637931338
123876	-0.301953036430606
23120	3.13780210236184
81577	-3.37011475306237
4213	-0.416667161212628
5063	-0.932668995711046
57125	-1.11462590575947
4604	-1.87070216860948
2525	1.7156508655633
6472	1.2512966823914
284697	0.257662071100961
100996724	-0.529415931336479
5911	-1.77320163795102
440434	-0.323183348289617
645166	-3.655521590459
10740	0.71640661154667
317648	-2.89665681252973
747	-2.91613092566846
246126	-0.0884993648670508
4588	2.23971448988476
343990	0.782678411337235
51208	2.18198463914477
7633	0.482851238292674
51742	-1.35203835204408
653808	0.134306303788174
5473	-1.20391544054094
374977	-6.43261372342922
55846	-4.17336302135741
9236	0.364766248800076
25924	1.49112064132953
56980	-0.422543490012126
80816	1.3031623500088
11338	0.394969916632315
57134	-3.07977588361691
8277	0.318150913992414
352961	1.34546803997804
22894	-2.0801367207997
6441	2.19324993137076
5625	-1.90438835516085
135138	-0.662210510516933
285755	0.990546905982213
283212	1.77638713380166
7503	-2.9748509972572
7840	0.782192735683461
56171	4.0452974679016
339105	3.30947825493439
8632	2.75028238890288
151449	4.220460796712
10905	-1.96944427416448
253190	-2.70541395952405
1838	-1.53284453390323
4103	3.12867515548422
57194	-0.0468483068175558
8516	-1.36785967013454
199731	1.78249828246335
84179	-1.06195411934236
8337	2.90434382606885
113177	3.81974442871961
4586	2.0130622041257
6203	5.55690883133416
245	0.455754325058576
222255	-0.455610254077077
6865	-1.18322453616114
441294	-0.140841570186805
92346	-0.557275941282363
130916	1.42127831588627
7170	-1.19914527349701
23617	-1.18905309806904
10595	-1.80682673768222
1506	-0.149804774882361
441601	0.45837836513842
54346	0.545441032671155
159963	0.857192653794988
586	-0.147941989637214
56269	-2.0702862842584
3640	0.331561331991085
5075	2.94106518753568
10737	2.48521310291664
105370752	0.872547823842437
440387	-3.05484463899312
83740	0.675106888695213
105374258	1.0129509441238
196993	-1.90338830848214
1559	1.84118802373621
4839	3.20483338773171
9107	-2.3461269799657
2717	-1.16721808948401
8833	0.0601273794131742
478	0.303852042973706
8991	-2.80766225480627
259217	1.34591803586061
5898	0.0532927206727686
25827	1.91730948617528
3142	-2.08713798769807
9	-0.80360873424174
9063	-0.912354813725011
22936	1.59155496050941
2113	-1.47792995944862
1521	-3.78812177440454
7021	-0.0203392573983785
9509	-1.66020553893112
8347	-0.191192306568763
3199	2.29601692951183
26146	-0.41452809597959
4045	3.67996280973451
8362	3.54597348051684
5005	-3.68377360071452
2702	-3.25129856445751
8477	-3.65851216622505
4624	-1.63749685070112
3012	-2.22414032452843
3820	0.399561059517228
3972	-0.350763506389782
8351	-0.408358112287911
5387	1.60835045248516
5565	2.22279870698148
7032	1.60759676711334
4298	1.50395993200725
6694	-1.61109730038488
2676	0.717451462598825
2117	-0.913788643644178
8336	-0.0653194774162907
7597	-0.477802410691715
27236	0.485235911186791
4956	-1.51459856566657
2488	-1.69218845225823
416	-0.29352401594978
6753	1.80297146869564
10207	-2.93202400416305
10369	4.24511023366656
4808	0.960098256739862
434	1.33941360132315
8970	1.59167210406898
28	2.18778524567964
11318	0.251133289337773
8354	1.32614219390787
2843	3.36802308849147
2210	-3.25001737283826
8387	-0.72766116097246
8366	-3.119886957716
3846	-1.28937400812115
5161	1.16185026941153
6019	2.76866622739515
2303	2.6373243212444
54626	0.863990719355943
3013	-0.250354189781589
1053	-0.675413006077753
2691	2.68500721764225
5379	4.20716636546572
7252	1.02277446325021
5462	0.884985861354156
1215	-4.44417268095747
3009	1.5045079786138
57152	0.318617587908392
3007	2.09606184373572
5273	-1.83291127515548
8348	0.60385856281676
8329	6.03809745478227
5032	4.50955787908274
55811	2.80629006697322
10776	1.05125683737024
8332	2.49073027297445
6755	2.09175780241626
6754	0.612887877325947
10744	0.982785193098915
2835	-1.75963364043971
2359	-2.51707494227512
79166	1.77537829510613
8368	0.149238699544022
26952	-0.143144472187293
6846	-1.56264021453683
23430	-0.329736485032137
3442	0.422532643915312
25812	0.537160931935239
2248	0.669458489031829
566	-5.45175735414877
8689	-2.8553478486035
27242	-3.10045231085129
84301	-2.90564252514014
32	-1.32839386194678
6293	-3.71488709353829
1295	0.377998954727017
56062	-0.591366462176853
5205	1.3581014967336
1131	1.99514720389784
6752	0.111035822479232
9073	0.10605200628236
3713	4.54598101535299
7003	1.50741624308657
7166	1.47462619331049
1286	-1.40199568836592
4101	2.3185793560322
3237	0.503626400283571
2825	-0.782161180929445
10100	0.289501393517921
2138	-0.782534773419473
401	2.64389041123967
1584	6.13493290607822
4105	3.818673222316
2827	1.02186250606505
3110	-0.690865051724144
27334	-3.74515288463234
8353	1.92560875384004
5551	-1.21186152737324
2998	1.22181944696259
1589	1.08323207955535
26226	2.0621445426636
11045	1.70413136681297
8288	-7.09053748891783
4807	0.6253745892134
1585	-0.449547559118402
10009	-0.0231210899288975
6658	-1.39314416861714
8294	1.17244690929898
9080	1.1513854606203
797	0.397162866882158
5008	1.26472358651359
3198	-1.94041934976066
1285	-1.88895243834743
4104	2.70810285427982
8330	0.57857883636744
8356	-1.31456178329696
1812	1.90694562987041
2830	0.550794541471645
4641	-2.73646253890044
283131	-1.01718231539997
3672	0.980172550500752
8602	1.54176834369327
23160	3.49724635193015
3658	2.45800335936541
57213	1.23575412831385
7586	0.620704043713999
10869	3.07585252836842
57876	3.4433980579883
105369154	2.34841990915302
1195	-3.25336354266947
10781	-1.01197057480937
9014	3.55631202637403
54629	0.588699225777791
8629	2.02905954838934
84981	-3.52719915196002
55183	1.42470959812554
23324	1.46023171002254
891	3.6800708511244
283459	2.74493996782756
440352	-0.454404325124846
84124	1.87784999117619
90338	-0.0854150396170014
55589	-2.9128342512701
150967	-0.00146290574135311
283537	-3.33404384217171
23580	0.926344312774225
388677	-2.48270115751599
375248	-1.34497996894902
85458	1.41896939155912
157869	0.620866177100018
221830	1.8990497646944
6667	0.0131759626936635
54432	-1.52461914450554
26034	-1.52606517078857
84859	-0.520024456509104
548644	4.12905577362865
7690	3.08739589963411
22994	2.05598164384055
23007	2.75877461950019
54470	-0.751069196429499
191585	1.29341067055712
90333	-0.795877666216388
200424	1.20192595530961
91373	1.82384849810359
5380	1.93195278557459
26094	-1.35801818280559
26152	0.125540090928505
23090	1.14599652667106
534	1.9932540164833
26027	0.0989686430546951
51018	3.54247489560036
27163	2.11657505013817
25909	-1.16075998660284
126393	0.339781880801953
28883	-9.39079011421958
25758	3.21538440722583
261726	1.78167837059448
27324	0.983436279191794
23138	2.36696855383579
28908	-8.05886695734488
1954	1.50323357419515
50944	1.71041142241163
4214	-0.614588623024598
10260	0.345509690982322
23109	-4.51349335941301
93349	-4.04819394703054
57604	0.567631008133673
5129	-0.587435868941277
163590	1.77829130373655
84898	-0.99765894979888
81844	2.28669330555367
100294145	-1.69163846918665
23504	2.27295597676364
91442	-0.293913563118235
23025	3.52404118629251
284001	-2.0556892729611
23096	-0.696839132267337
54014	-2.27927909020832
57795	0.964382576634492
7754	-0.83365205410934
728215	-1.70224002984797
201626	2.7548674334149
91695	1.12936643355713
145389	-3.9818271652175
8123	-0.313192636210749
375035	-0.698348638610129
157627	-0.543083710199612
146691	1.41588334597988
149111	0.909012383906333
55816	1.1530640434397
57538	2.8146425973743
222658	0.55046320361153
26134	-0.358911451236342
100130449	0.808779568626821
23105	0.585674907032134
84679	1.79513661819587
80312	0.843621372471197
84444	-0.339929310046403
100507331	0.0940298407464582
9271	2.29953950671448
91355	0.121882717413391
114791	1.68776721725427
54901	1.25854887097108
7587	3.18720540263141
84148	-2.26722576232114
25854	-0.00529613651630582
100996492	0.174959801775478
163131	0.452464882981882
7554	-0.0971790141154215
127833	3.05324371514901
7592	0.327712196660803
90273	-0.757215479156197
9508	1.48340721242843
220965	0.255322642857569
149076	0.819083991773501
3493	-9.85904815571056
8637	0.089859181013559
3778	-4.15650531431479
83744	-2.0807917501927
26050	2.508706662993
23143	-1.03392911691904
23293	-0.408450687070728
202134	3.43920483488535
54491	-0.301668490045232
65012	0.596905722198679
26032	-0.201864136310073
164656	-2.40605698470566
81569	0.439419690616669
23281	2.97035023663502
124044	3.75366417208273
2901	1.21746960054208
317781	2.88502081077371
8497	-0.214908536956149
64595	1.50199698107934
54477	-2.03959239816807
253982	3.51285585588025
200316	-1.33843062077831
286205	0.897052895785027
54550	2.26645366051709
100499177	0.532394701809408
9024	3.16279545064797
8420	1.7198957216685
92558	1.38481855357043
54874	-1.70140939403588
85459	1.01540893150301
84436	2.70035233892692
7582	-0.175389372888229
221960	-1.47421702275049
57556	2.86618708443673
79647	1.1625588649467
28778	-6.79672421548461
339524	-0.0970062962452413
79621	0.109398883529066
11042	1.28570365387134
151050	-1.06904540282953
25893	0.603668728372946
140883	-0.699292696364716
9758	1.16751275132168
79605	-4.74830196065031
100272228	0.201701431404141
160518	-3.91270330030179
101927610	0.984286905420906
399818	2.56023411483402
55631	-0.0991901287007167
80028	-0.236753316309457
8334	5.34015466430142
2885	-1.5048876667045
6648	-2.13920539007662
23251	-1.28447394098358
115353	0.767060165692704
152185	-1.52447663543155
84830	-3.48721148438569
100129460	-1.79493276670697
83714	1.61387819945339
116828	-2.5446345518353
55001	1.48673761959645
149041	3.1043533261869
8512	0.449810419957251
8848	-2.0107020979832
23101	0.168805310668299
1759	2.40414203522515
5897	0.124937400790512
23026	-0.580525678650455
162972	-0.800958727172028
54575	5.06229539913583
5288	0.233916449025525
11340	-1.5267217637058
9639	0.605617991471474
25763	-0.750933131571676
349152	1.60782035301216
26047	0.764886314718681
55432	1.51737350624691
55619	-3.93187874864654
9722	-0.355818124432169
80349	2.69470904679768
26986	3.43730452875908
100289097	1.12746400503029
57172	0.336783150451902
22997	1.73392756118706
9906	-1.66097856117191
22995	-1.54694116257111
26095	0.746212078982337
123872	-2.7132783177811
388714	-0.399439264222621
28893	-4.61211679861301
64405	-0.945066040788413
100506190	0.250859281946239
55338	3.3455606159507
3892	2.24133805654895
5382	-2.46813523294773
85021	-3.47291681739012
11049	-1.12517695429064
1744	-1.0322155625172
730092	0.836232187621405
53371	-0.638097120116725
28793	-9.97334068201623
284403	1.60944531901464
619505	0.561296743497718
100129973	-4.00694905300144
51422	0.770810267396026
10793	-3.42298986110016
63982	0.989702212159996
26220	-0.100715901529468
100288570	1.16941756959215
55831	1.54465918969715
51614	1.34865028585491
7789	-1.70542834490016
2016	0.972111063256404
55567	-0.212058245385975
6543	0.557233456488727
3955	-5.23599174410045
63923	1.79265422150309
90199	3.00520237410035
339290	1.94702467153917
7221	0.0960891323933048
388567	0.824371141301239
27315	7.05512262496091
441204	0.0620402595337284
105377443	0.356948088003325
100130958	2.20891467204103
57711	-1.88722728106052
641339	1.49425356180184
256051	-2.39207711219459
100462953	-0.03129362044125
148229	1.28749970247112
645961	1.41461144670222
154661	1.44755657715256
91694	-3.5340762939895
338645	0.770109726216159
223117	0.442953889101142
255057	-0.0681473068375911
22979	-1.22816351941916
22989	1.78720636409368
1768	2.91408630412504
440193	1.74555629944871
6981	2.457438543535
643376	1.18850640039425
55340	-4.94730510941166
27043	2.71919033019486
91646	-1.30577765623253
100129482	-4.28029656147365
80005	-1.67651440889557
57710	1.1562654314391
9442	3.65054627261881
3538	-4.02364760740499
79017	2.23541473927754
51324	1.48334373165298
3078	-2.98106731257719
7139	2.15076632230022
154754	0.302127973215784
84059	0.27150057094738
729453	2.29007621085024
30968	6.82047529293412
23233	1.55975154435831
23217	3.90964215053717
3549	1.93985296358066
126299	1.55152516979277
2712	-0.444374721084305
116285	0.788064146068232
56271	-2.58573550810698
222642	-1.24996810392194
387082	-2.44211536739504
148066	1.3684032233615
26648	0.152464569930469
26154	0.740513870889682
647070	0.111523303134567
653238	-0.495876623677872
221823	2.96892561433027
728882	2.4935763245299
200205	0.605927598116898
23038	-3.62230443270117
92017	1.67704888811858
11221	1.87659122797142
10816	-1.43596584863449
100505494	-0.951169518457936
9077	0.336206135276137
2116	4.68061351332423
57061	-1.67143311905673
22798	2.0837944823149
26108	-2.95389023301354
9515	1.09575142044879
80012	-0.30877983009214
22986	0.7693687806023
346157	0.252097686052724
202559	1.7954303416443
23181	1.12247856652971
57615	2.63483209167264
10554	3.23231324334898
3120	-0.0901884712814927
60686	2.32864524451432
23256	-5.27569646311309
643854	-0.625935547093283
54516	1.86861346247088
101929272	-2.66389140201776
51077	-1.97665698118901
84163	4.51289896027557
100128640	1.42958221041529
100616497	-2.01290672486792
26046	-2.22146931016036
54970	1.62149366445196
285231	0.830937241055383
221472	0.296445692502279
23085	1.07832826831894
26010	0.461771559933724
51533	1.43178387124739
7249	-1.19666397207944
102723769	0.781795113528302
101926913	0.595701022564368
8847	-0.448089759533857
25855	1.60765833774837
63973	-0.253551021622846
95681	2.814439191623
10044	1.14406724455298
201163	3.61378058332278
100289255	1.69440629368738
55876	1.1387276106091
2044	0.196862146312675
5364	-1.21397937216086
440792	-4.09393269983848
104564224	0.0384358477134156
100506070	-0.352626267690863
84164	-1.69717897386774
6462	0.434951990628727
55661	0.553331037743221
79029	1.2605993865402
9919	0.699044999003856
2312	2.31964674191214
3483	-0.273729956397765
23469	0.986296115027072
25786	0.821229779825103
113878	5.38586473287206
27012	0.633961950758554
100861554	0.80367082794448
26993	1.06120551501346
64689	0.560234192261289
64062	-3.14318676931856
730227	1.96277572732801
79998	-1.43165881389119
2938	-1.6291395206558
91752	2.68605428536474
28667	-0.697440463129811
8587	-0.268167944964896
3645	0.970549838251568
28785	-13.1973981413167
8339	-2.07149895779588
282808	2.69929016376036
249	-1.57428675456544
26999	-1.98706171732578
85452	1.67137990670878
55735	0.64462757923871
9108	-1.02827030476897
57644	2.10148574119439
28670	1.33954211053291
101927051	-1.09234108731468
53905	1.58987135092025
55086	0.581089303846045
6967	-0.977646947894306
1564	0.0464922298931398
26024	-2.81390892277416
283927	0.126883357048749
6006	-3.41637963003303
90485	1.44568543008756
114819	0.757638964451772
353514	0.324668080353272
146754	3.61542220854726
283755	-0.220690826147016
118491	0.271161472140448
284266	2.89851877383058
56926	5.37062350532673
91683	0.900587933144642
101927770	1.23006483557772
105376196	-0.369347520016323
29978	0.452718309038457
727837	0.334508357419319
11179	0.648479558168134
126070	1.07497718040833
5729	1.02432504815144
347344	0.492232377503035
9410	3.88671476529547
105375582	-0.373721900348879
642636	2.01792296295052
283970	-2.60851730400489
971	-2.80145571973757
10564	-2.30181255794033
100507605	0.439585799254916
51438	-0.970770583143067
727830	1.54716750895228
101927498	-0.164883066404251
91353	-5.42226303314773
284649	-1.31282739807499
6527	-2.88698506888034
2713	-0.847662418582855
100130331	1.86935345599194
80868	2.30715617223133
170960	0.329430346830443
3508	-0.163541187166788
100505534	2.08748495409927
7993	4.43777817236649
80862	1.71616983117307
84733	-3.95210905739023
390999	2.9953921214167
55334	0.778582130232894
158586	1.56890810877067
64135	-2.40796714194064
5426	0.178938023038729
6407	0.578973777920172
129025	-1.17157657687459
9720	1.2093219683837
100169750	0.871156794852798
284800	0.0914835432225663
1557	-0.536936067725399
23002	1.0051949839066
3044	0.472749232840809
390616	1.97492750569921
389715	-0.982450603196166
84033	0.867788888584671
22987	3.1736963950898
93164	-3.29476070328764
51517	3.06942668241118
25876	2.17149616412831
284440	0.573434572349484
28662	-0.289816961867155
147172	1.80287106703225
55206	-0.620403439063711
84253	0.713912786392838
22999	1.78172674041764
28516	1.5417352315478
440366	0.316538307718199
28902	-5.44793622981334
400084	-2.85628378723079
54906	-3.40795279084503
1370	-0.0159751331428189
6875	2.94795711963283
144195	-4.16204759489903
5820	0.930794860110116
6917	-2.22315654701126
84820	1.59891595879763
9404	-1.18124966831531
23170	1.50421038785964
2918	0.605218329404115
60436	-1.31135767877905
3913	-1.72474405764621
11070	1.28782019126701
10794	1.71029007741282
1587	5.73883954886268
10800	1.05682558819662
347088	-0.200531581656421
7517	-1.18002398060368
343069	1.45190082260917
1607	1.29766413451102
57551	0.554569533777153
728361	-1.42916904430188
54661	0.638160693028258
113457	2.27949776178404
100533107	4.15834950136319
8841	-0.202174033980721
1550	1.8829847630827
25844	3.32852684552338
266629	-1.66301443284338
23368	-0.865260861597477
160851	0.132910296888793
7556	-1.73284111868233
57135	-1.59405973327125
4589	2.22120051870189
23223	0.254889758400028
28797	-12.9753138381746
202018	-1.28262158494423
3734	1.15553813908553
220077	2.69472723806446
6315	-1.71313503087738
84458	1.89080584111782
28894	-4.97550409853264
284904	0.321610003143014
160824	2.41131630871145
55697	-2.73554695014035
81697	1.12310067870641
196951	0.382510062479105
3219	-1.70378490771332
103752589	3.25580078539088
90011	1.90094878394881
55020	1.10843267222329
7114	-4.18202958049334
57336	0.00912546843760264
55501	-2.33854670104583
130814	-0.461216036029898
414771	1.48196872770339
91120	-2.47366647372695
100505852	-1.66652832454243
22947	0.875431012288979
80852	-3.45480269536874
56005	2.03796258844839
442175	2.79601746856022
101929073	4.8532569475427
100302285	0.929666688028414
28904	-6.62712506302761
79184	0.662526871387142
26212	4.46305516573909
100131825	-1.87421861336536
26651	2.13337529515883
92552	0.92388462420538
159162	0.786937716487327
128872	1.50419122826103
55633	0.789001812475327
3809	1.48386561860534
253143	3.30617521948098
28803	-7.21905199541083
2300	-0.67697523165439
28821	-11.0900463647327
6120	-1.09964838177395
127534	-0.785612558076323
94026	2.73298236252125
8333	2.36223918736887
8325	-4.23318092193448
346562	-1.3308194567481
139081	2.98539251893786
121006	0.0392822470883844
26082	-0.0494356657778086
6347	-6.53602530843937
90586	3.32023084940937
26102	-0.563789808904379
3359	-2.51888563832156
4099	1.26643343681536
101927446	2.7032951789803
79075	-0.0804189892604956
1720	-2.13344898491314
4648	-0.970699346498394
101929148	-0.917786575031329
93432	-1.89931089946801
643332	-3.79366677895504
57107	0.130498230969039
100129528	-0.580682520441554
50858	2.54667108863676
115653	-1.79851941569195
7710	-2.71792276113115
55764	0.810188683781721
55578	-4.46583718839579
645784	-4.24164985510337
26664	1.04385038198616
58510	1.5622190524054
10821	0.397326821236731
3816	-0.472664872100453
100129271	0.43174969332698
6872	0.197691062453764
54972	1.62456744773432
388699	2.61851972094986
84440	-0.962002159187255
139538	0.0408387632950929
166614	0.0452497832007282
53345	0.0972103783559504
105375061	0.974899975040653
149628	-0.565922038206611
114884	-0.586899756119245
54979	4.05378272637926
54532	0.866581660150633
1538	-1.52941907229253
401630	0.502967496202553
100289518	2.87913765630482
693207	-2.52777457415644
100132476	0.822328829530366
26716	-1.82545623714494
140678	1.8426969414082
8924	0.345833936516881
104472715	-1.02534872117325
10220	2.92383815797527
28566	0.876056499600594
57198	3.24013938188669
100505498	2.08872419320761
5545	-5.25337217234382
2567	-1.08730008282322
199870	1.66925961585541
54700	1.08564078039328
10367	-0.9443422319338
3886	-4.33025761283984
2209	-1.34328528811443
84823	0.843041985649437
7692	-2.69467868108513
84268	0.896832277174157
7767	-1.1055244373681
860	0.151737440475123
23609	0.535050315046514
255926	-0.418178323088848
8751	1.84823623265648
5232	-1.00079345032308
2636	2.49438164117973
646282	-0.502320245203384
389177	3.8794512046384
101929550	0.003102699535588
3890	-0.311339852460813
2298	1.98246412486403
2003	-1.15639800327405
51109	0.414059967099974
9436	0.390338695376253
10824	0.444205327334905
4584	4.64219254714556
28646	5.69902686428231
28571	1.82173196547023
1760	0.471347486932452
9455	0.0156970303730153
152098	0.936292023237549
7686	0.606228625402602
5369	1.07256310441763
653505	0.974043856967345
55727	0.0959624947368125
28526	1.34420385647361
50852	2.66928647422031
28815	-7.16985153986474
442421	-2.63669436554677
9709	-4.26545301844637
28680	1.69626427722544
442240	3.15917234322796
639	-1.34983808081662
9462	1.59993985436762
10917	1.47917745822956
100287387	1.37334659040067
8389	1.87228978231148
283820	2.60950046165562
81855	-2.99109489328433
22983	-4.99926123891935
3546	-8.87760857390643
1596	1.6176471057367
28425	-9.71318910664029
1348	2.97571135364746
60439	3.8971347694417
6138	5.19607922251914
343071	-0.450751095523244
57446	1.47649210127424
135948	-1.78903464970608
26184	0.550284757596951
390688	2.26840678681476
390892	2.32609446437738
400322	-3.78029256472181
28410	-11.0140525625496
3128	-4.50997398109226
3850	3.22705596847274
51561	-1.99484458584548
647288	2.29127938728409
442186	1.58033871874932
160313	1.36292822271626
4007	2.41683706392201
440560	2.63504387841336
6978	3.12240560229983
100289473	-3.66096141521509
28862	-5.29527895908138
100505933	1.67756717573233
389898	3.5416719641238
28671	1.96656805729353
84560	-0.191934814210752
28676	2.69647146290445
7770	-0.82859739712806
28677	2.80863985760947
3040	-3.89804872280593
55124	1.04164680040415
7290	-1.00557594230616
3137	4.9452639912937
101928278	4.27160373280981
106699570	1.00422063841275
729815	-1.86121135127729
101928104	-1.06338489890184
3108	-7.45254171188724
388336	0.730625309059398
3525	-5.26024884827294
11191	3.08450344208654
100506759	-2.37166852753603
3433	0.107327202450404
23460	-2.17272353153322
147339	-0.0167653219492186
1406	1.74976668873285
81621	1.09576965301698
284021	0.385643695267733
779	1.0342399532817
283683	-1.02950921219217
169522	1.46488132027503
283298	-1.40475070855586
80228	-1.36654517519662
114825	1.41268514943491
51571	-2.68758981144247
91775	-0.998066051645122
125893	2.93147006454059
79784	1.6336421812124
4499	-1.5181127714978
171392	-0.820248484293019
348110	-2.33386354775473
10819	0.804328128231594
256227	3.74731990055618
140801	2.94676990036344
26088	1.83244614029016
339479	1.11422124251773
117155	-1.43779711867173
142684	1.86841437606993
90204	0.674696605756271
65982	-0.539800824638297
51550	-0.110274838530973
222663	-0.246081977583831
389856	-0.632666120175141
285672	3.36932563112757
441273	-0.189294062036062
157697	1.99671224051829
92609	1.26886481272538
55314	1.50119953052226
91807	0.0688237380542396
126231	-1.87269558010918
90806	0.813064075211397
23560	1.61404812991977
220134	2.40778360609547
51241	3.3519220273775
53827	1.44823065010662
147912	1.31997393092584
10780	1.72583218582308
126017	1.18308464769381
729799	-0.738635178298855
388886	2.86178523424989
201501	3.32342659578385
59339	-0.918563075514683
7477	-0.421048251826873
29035	0.407116780317545
100506898	-1.71534546572023
245812	0.31681726615704
29927	2.90953292176347
51386	2.83708265934753
51142	2.23909645063205
51335	2.81371026181577
22818	2.90958794300518
55737	-3.5435660527056
6277	0.264256907352908
166	4.96014025643694
64114	-1.59100194021908
9445	-2.53953879482445
9168	0.514538995275134
11180	1.06929563967139
27102	-0.683129223264228
51507	1.01241864481414
10135	-0.638157805665942
6130	4.48367059208136
51322	-2.45937848946432
55754	-0.295645297985271
64065	1.34323362908164
80218	1.66386530769274
10015	-1.09576307904552
51094	-0.853387274806647
22820	3.12196625014881
65264	-0.370297042310662
373156	1.7905666927292
55748	2.87931193827357
6231	3.88739918623849
54606	3.13758559305093
51155	1.31274740200215
10169	2.56317347906384
2	-6.77209259668868
56889	1.72537636230501
54765	1.57050403189967
55256	-1.5271158426073
11031	-4.11496758307599
29959	-1.23596323045883
23585	-1.19452240593148
718	-3.82653413811662
51637	2.68205666529565
51371	-1.92246347540756
51604	3.56134863570646
51280	1.36977858939305
23788	2.96616023150345
4697	4.82625890113531
51504	4.0952040622452
51495	0.560545268766254
27173	-1.31191542013206
55629	-0.050611167427564
51398	7.15367876791158
64397	1.2830613522061
2873	1.35374889037213
51646	-4.35119123237111
10652	-0.0303614854820608
10419	3.31063958283653
2590	2.58335985995446
58533	-1.83741210747622
6747	4.75281742158553
5832	-0.390895719498377
27131	-1.62554918613201
9230	2.52977785195752
54458	-1.26926112403395
79188	1.22098090072767
55666	0.723752436861508
51506	-0.200043611283987
4848	-0.339728162498947
7328	1.70361967867069
80762	-1.09254678724601
514	5.12110976246377
64710	1.63361863932492
64083	1.24741397750817
26073	4.6114193254897
29997	4.27428733079902
79109	3.04342117032955
28969	4.60532235153546
51520	4.30494063921563
51714	2.53255397020828
51441	-0.465162374665669
10927	-0.423095712590527
57003	4.36204749349862
11198	-0.165690946917303
57092	4.25579774622963
51125	-2.92538747836571
55740	2.61967145818252
51729	-1.27742739619377
51465	2.36928472137903
79811	0.0539588641856196
10713	2.43242130550912
55968	-0.923849671487779
55969	0.377830342375822
55249	2.21769037357285
51652	-0.667712882056806
51466	-2.16108476719885
10342	3.47229517928513
51428	3.66099893989635
51400	1.4116468757563
51631	1.43287668972246
29079	-2.55287476527259
58190	0.186501012800485
25994	2.05323347273142
5859	5.91830380025122
9967	1.79147072670058
5464	2.14789140261027
9578	0.37605929655126
26354	-0.692219617257705
51012	1.10466463431055
55207	-1.07520384159157
64759	-0.899726198472221
51150	1.31471169635031
51566	-4.07413868354203
4705	0.677586589450608
10113	-0.925887197999587
8554	-0.178079310676295
55819	-2.25600911493804
79869	0.110074180374191
25825	-1.52132521810498
51108	2.38824159368348
51144	4.04084367354071
51727	-0.520635681094302
4282	3.75523474552744
55011	1.18200784546947
51719	-6.16919648039024
8802	3.13930719123386
56937	1.49814636091408
9328	1.14759217953093
60313	1.43038345522327
996	-1.52936455155567
27249	0.894759992041622
55226	3.41699746636774
2060	-2.07916932584718
55738	-0.0593674921216086
79901	-0.307271383023893
64755	-1.32231576895529
51474	-3.24089330831608
51133	-0.248361379667026
55037	0.686366403211714
80011	-0.434451551974788
53826	-6.0892741469179
56851	6.13382671936718
54867	-2.30115073106776
55699	4.85591901220818
1829	0.789427376967367
29888	2.28730008878669
23621	-0.842239838493202
79892	1.00246765307883
23588	-5.13281863751623
29074	0.23341707338896
55827	1.92761933488408
9531	-3.74026216303337
64118	1.69062903861158
27183	0.818521415867444
53373	-1.53501679997369
51187	5.39560629809433
83658	2.30174605501917
28977	3.05181381516543
553115	-1.67647741741529
28974	6.43801819964189
28972	-0.275832971008774
55291	0.630626905316912
79932	-0.456071215564479
54472	-0.248313037623107
10695	2.29700043420593
51081	3.39143933455322
51056	1.90331698200256
10273	-0.166751794468316
55245	-0.421064752257086
394	-0.243926533624361
51564	4.76924740486774
56888	-1.05220002823727
54812	-0.767921614809391
55739	-6.62248686446526
55914	0.357026300314192
60488	2.17401044499962
55700	-0.0987181822810143
55624	3.17811925677326
53339	4.89926483505344
10055	2.98548853175984
54918	0.982194648243008
26071	1.31633448426924
79001	-0.659441664266633
51070	4.27621420770492
23786	0.230901592384058
58478	1.31241053558095
29105	-0.499827300663035
51399	1.51482100224559
56993	1.81546902171625
54977	0.90727471516156
55505	5.37537065017626
27018	-3.52272381952914
54902	3.30690271808299
29115	-3.68462836807778
116496	-0.00175545439497715
7260	-1.20956539979182
738	4.13620478281109
57472	-1.50929218782383
8649	-2.32688087768084
54927	3.30665771682917
51181	1.64875100784264
51768	-0.644241446708749
51186	-2.99211577366674
51143	3.26921970707858
51734	-1.05290072139431
55585	3.70020495664557
27075	-0.552897560289799
54948	1.72565042031085
26515	3.80807599300723
10933	0.155517639906511
8635	-1.30165168439515
11177	-1.88573422556182
54529	1.81705171726843
57820	6.24576265532289
51170	-0.964981943555433
51292	1.66657299425571
23648	1.14869947986326
79180	-1.69446090493053
27430	3.00973388175083
54973	2.40865778584484
58472	2.50268966732732
22822	2.99868235898483
51116	1.23927686230338
9547	-3.23195519544829
2287	0.024743166678581
55108	1.93155618763341
7570	1.48280974952546
51065	3.50167357694974
55069	2.78423038591871
9055	4.4220186159539
79144	-4.16039256331767
59286	3.89739451600742
64061	1.06444281000328
51164	-0.165439021332647
79902	-1.39184860396702
56897	-0.558638298629039
55718	0.126639755272973
138050	-4.42412203335303
60685	-1.80810863608627
10901	-0.69961834169195
51231	0.488860153732223
51307	3.9715345605738
51660	-2.00978117844423
10455	1.86549668148609
28958	-0.895723464951924
29088	3.02277139554551
64834	0.801196637741545
79567	-3.71860925374305
28964	0.750300689650069
8303	-1.44932444016151
51024	2.14180527869414
54502	-3.52888887262528
51068	3.12031186089868
79137	-0.0916503147354999
55101	5.32133765429192
51203	1.01501843384502
55119	-3.0585231571838
54407	0.647331549860817
51138	0.905728244666816
64343	1.81598178972501
5763	3.19329688011221
51021	3.93376104154653
114883	-1.41165610259107
23412	3.89780007802322
28998	1.67566127966109
51569	-3.73058731867568
64943	-1.8744618551528
57130	5.9035371768723
55255	2.31690614458659
51283	2.09370595519833
10328	1.2108508086829
30827	1.44687826157848
51123	-2.38984509107235
79650	0.313622689360204
4201	1.54175183278448
56674	1.18708436600688
10723	-3.66237573849664
55082	-3.55492426604261
79894	-0.711755328731137
79077	4.913352479379
29926	0.813150452022818
29099	1.59646022933611
55706	3.31999497251828
51647	-0.84705282540839
8086	-2.99602853787109
55114	-1.68881013893247
51304	2.79253471234303
79893	-2.03668230105933
11124	1.60999801067228
54976	0.905801454767173
7342	2.27832858973956
80142	5.64139504836856
51510	4.18192781937333
56654	-0.6624576965998
64121	2.53178608504802
25980	0.631304832459462
55717	-1.10540895147195
55608	-4.77912129034907
55861	-2.40631129054601
55858	-0.878294880760462
55326	1.16552223795817
79004	3.63523924734367
55852	2.76955618197076
55081	3.29375940613109
4718	3.37173649464531
51071	-0.31959398755048
117246	1.96435020427942
54881	1.14589424613048
51073	5.07619917122289
55173	0.896629630318139
80232	0.627508275398056
55148	-0.399274605791148
64747	-3.120305915597
56949	4.76319554035628
55907	-0.0424164075475121
65993	0.111210094528862
23670	-0.339766480780348
55723	1.57864088413915
51759	4.26671717927564
9978	0.660744765026933
100287932	0.194667365266696
3163	1.00502290351525
59343	0.906719763306929
56683	3.72889965318995
54884	3.61835812779578
55246	2.55540881591442
55177	0.83780380649019
4801	1.43429834418885
79415	-1.0176363045223
54815	1.28335922455446
79042	1.82933942983971
60491	1.01736156575172
55696	2.66185005354232
51290	-0.533774720640881
51312	-2.20942381790317
60682	-1.31629703780935
8195	2.47639093805824
55745	-0.676620371050442
58477	3.75910517866909
63893	1.58514144444888
51185	1.90160738399427
10066	2.91660629830334
64423	-1.69768713188188
57761	2.00900653264172
55830	0.257884954903165
80152	2.32584080385995
55893	-0.86650818242602
26225	-1.85810859907251
79581	3.60584622643673
10363	0.765929873182502
79587	-1.87673593529415
79792	1.97113844770271
55720	3.34361905327195
56882	2.7689284621765
26060	-1.29445219087452
65992	2.3866395222799
4702	3.14261696303371
54982	3.30711300122781
56944	-5.71634109134529
28985	0.517016681390329
64847	0.833910586766403
64769	-1.20320620312227
51773	-0.551747518022951
51321	0.0348298071292664
56997	2.13031499908991
51015	-1.69808026953641
9525	-2.8325836362172
79139	-0.512989954569744
54904	-0.987681290331956
80195	1.55944354806609
80212	-3.15826305980237
64110	-2.7327525765812
57132	1.88676515726091
60684	-1.88206678584182
64787	-3.0827222757016
9076	3.27476317360407
29965	4.78835362765574
56995	-1.29609227053061
55156	1.66013501702367
57111	-1.284341156026
65265	2.74261051680215
26517	4.47413397673231
54187	1.54871352197631
29796	-0.838026073501689
55788	-2.41868652904474
51447	5.47781412078253
51026	-2.79264949216866
25996	2.37342912129683
79624	-1.30782817888932
28962	-1.32003318643738
55074	0.765585473688417
55760	0.012300820346513
65083	1.32965550929409
4708	4.91920589934451
65080	1.82924568966925
29880	-0.824842564770335
79443	-1.0417744989002
2872	4.40527648213396
51282	5.4276497864376
50861	1.345530180887
80148	-2.30006940667203
55197	1.14429884494114
79672	-1.76224885999679
79083	-3.03972020134124
4338	0.482340658080199
746	-0.244784965256811
60673	1.25591509176984
7376	2.92453466910249
51329	4.05338717187035
59342	-1.10078259309506
55198	-3.61499116072319
55915	5.99042683243805
60314	4.58960300417664
51177	-2.56771151744866
9240	-0.212806641135958
51295	3.80902688891471
4710	4.25146445787749
10101	0.278293698820342
80351	-2.7456149812148
57645	2.02413507153763
55577	-7.97673854217185
712	-6.75399708620278
29964	1.46252476839911
51147	-0.862663357978802
51118	2.12618276952173
81539	3.11601462528567
28511	-0.583609936264488
9950	-3.402347405479
51111	-1.32355088917024
80230	-4.1638835620544
55035	2.82081632900308
25987	-3.46892362060981
79594	-1.08883311425862
51320	-0.600969658016583
63901	0.660307061337494
64429	-0.426107128212479
29883	0.577211607024474
58526	1.39801383048288
26586	0.1394120683084
1939	2.42418790242266
51128	-1.03842621976519
64319	1.12658145080999
56886	0.679041917907005
51082	1.44416570355411
57496	0.0270226869084092
79016	2.67741282816932
10053	-2.99540416904993
58486	2.00990137841953
56647	2.12488021910339
79048	4.98927722238884
23413	-0.295628403967699
64786	-3.26449105292836
29102	2.46785736029491
79590	2.31866425551958
55486	1.95723829420192
54704	-0.78798858119893
55139	1.13588898743121
1468	2.42749250011082
60485	0.456012000789784
79665	2.89757269800971
54663	1.90971925249935
51642	4.17792573174341
55741	-2.16329584155198
51188	2.79271154554155
56898	3.11052716237274
9616	3.1962252786094
26523	1.29136959344329
60492	1.52065284930906
79876	-0.690436572593757
55111	1.1127428845817
28956	5.63714348690511
55154	-0.411353124145331
80013	-2.0959666644673
80017	-1.62930311663218
53838	-0.983012220646343
79447	0.974316172607323
57140	2.77966565340952
55851	3.50971635028887
51315	-2.87798137430765
114885	-4.53187885266374
79711	3.79762236436905
8925	-1.39617829100344
55316	1.05460362366512
10460	-0.715140351014859
55450	2.33980006871417
27342	-0.915377894128171
8491	-1.33020493740468
51809	1.13621327625842
55216	3.28345647388385
51654	0.389468187324498
26520	-1.9662752903482
79008	3.36417256813028
51701	-0.803469378685579
57162	0.0294270257057554
54539	1.99316932603846
51657	-3.60806660247916
51703	0.494831098084197
55288	0.278752345651833
65244	-1.41648890126758
55366	1.28609382285945
9342	2.06891654161958
51117	4.51325054168248
11108	-1.19662752071141
89797	1.07013529251433
55859	-0.0766254508132606
51009	-1.06396279629163
80145	3.71702566707328
79155	-2.17022649133656
5202	6.40991424462374
64760	-0.511678967188636
1911	-1.93631122763233
29093	5.24699680199494
55236	0.556562482412395
79717	-0.267108433037206
79956	1.83496932161799
9330	0.608480490624443
55758	-0.83108466450889
55365	-4.42398310935146
27244	-5.11005580097604
55253	0.71192484751296
29066	-3.23940347521407
55055	3.44716066810492
51053	1.01330735085479
54951	0.727013038224852
55213	1.32062621776478
51693	0.359471118564794
24137	0.259132941677675
29960	1.04102988401295
26521	4.98170015771954
79174	-2.05916958971148
80023	-0.737141453986414
55204	-2.94477464843123
55218	-3.16628614343678
9209	0.856196661467233
55157	-0.841380857585265
64745	-5.18381704862989
27005	-1.87310796496282
51330	0.498620515873966
51013	1.04040153567785
64766	-3.67594184940109
55269	-4.11409214275143
55090	0.279097592386255
64400	-1.42670847451349
57102	-1.44140684395198
53343	1.08766155961771
64780	-0.939531236599051
10069	2.34462648778342
79706	4.826549730766
10179	0.382459651000574
728392	-0.388947345156517
54930	-0.259324279972438
23589	1.90367248936239
55168	-0.230226480300783
10600	-1.12354668428405
25796	1.03203334974964
51107	1.48815493375837
63877	-1.0257002992808
11267	1.45788985827354
94081	0.583237538468761
55234	1.46835986014575
79641	-1.05950117842047
64431	-0.00549729727317029
54832	2.72248285269445
55120	-0.549914834281095
10884	5.39636532596851
55038	-1.6229355375364
4940	3.15712672822308
23528	2.34262418499643
89781	-1.39302136977405
51499	3.88398086865489
29887	-2.77712453356618
29777	3.91504960607495
26519	5.87950385885832
64215	1.02474196858027
283870	-2.18277648113525
51562	-0.389206959910918
9569	2.13274047077657
51193	1.57198089833567
54820	-0.981891858612515
26276	1.43370124676251
55652	0.313153775459154
25959	-2.26223543346184
79089	1.46470529873176
80209	-4.2006384318853
64781	0.817382578650143
51542	-1.42291430986129
55240	1.28584546454574
54476	-1.82083676033135
10807	1.84416734815727
51455	-0.721260758179351
55337	1.51436368322255
64864	1.50995093460768
63894	-2.88619755227237
26273	-1.99314463493774
79646	-0.401613530033703
65985	0.677976852065242
29103	-0.898618767977117
64374	2.23195469366174
54585	2.93015760031218
80306	0.753221948154883
51397	-2.80106858021175
56922	1.94987049615044
26015	1.10173609476678
7268	0.427214967095802
26528	2.47008391459266
79087	-0.833995395913178
55506	-0.598508189322565
51030	-1.99034724467027
56942	-1.36702964650716
54994	2.99759363677677
55325	-2.3872036175986
50865	-2.80819176561225
64866	2.82918237083184
50485	1.09292085478397
729515	0.346732047754653
79887	-7.54490847050448
9054	2.19295219246655
65981	-5.62414476534032
1788	-2.67401763944882
64396	2.62167814197825
64222	1.46800435138895
54919	-0.8796161071961
51184	0.777776426422575
80135	0.746255922611545
80198	0.449014433437972
55731	-3.42711036711147
55161	3.33573366094021
79735	2.8961853358
56984	2.16239973812681
26585	2.14621734099215
51067	2.70550787181728
582	-1.9639865870612
53918	1.74960730830139
79709	-2.6778813314058
54442	-1.52719137427326
27037	-2.18221325949362
10585	-0.749322504237831
28978	0.54197394307455
55596	-0.521106938538262
64328	-1.49792367089312
60509	-1.04685690583154
56915	7.40685138422736
56943	2.66689278217491
56912	2.92080369366609
56901	-1.95581919536394
55343	3.5852398713375
8462	-1.82692663192988
210	2.51888108426835
8891	-2.80064549306357
55900	0.88303657687465
29087	4.12384346910414
80764	0.00477239258530088
79622	-0.227045719569814
56731	-0.220355728213487
8409	3.55729030648064
246243	1.77789208078694
30001	-1.4915281253449
51765	0.668709761353786
51337	2.88791518567647
50650	1.30055292742466
7227	-1.84238654334337
54914	-0.37761576007026
51011	2.35405503569022
79726	-2.50652739768656
84656	-1.00412680107147
29923	-0.363146344971287
55802	-0.125661847438632
64748	-1.92155275739806
55163	5.65079131236055
55759	2.38069030387056
55319	3.26449329815771
55181	1.51226755710134
94104	-1.40015842183322
54928	-0.854708903764505
79960	2.00450100840447
51306	-1.51533449642028
55032	3.4702394638023
29110	-2.39182294327847
55284	-1.2487312456013
55201	3.58528453815217
64077	-2.78767714054618
1877	-0.647693482695766
55662	-3.32367106512377
29098	-2.5606008465939
54840	4.72457191238796
152006	1.11401095281727
51293	5.73797870561467
29109	-3.71112262550563
80194	0.932372307453629
54963	1.82126497412761
55781	-0.414475963613704
57380	0.205810170862801
54985	-1.36063933224476
55030	-3.25363630571773
79178	3.44290368197433
56892	0.581636532535897
55165	0.471015131631685
64761	1.09545291601
10171	1.28226435162371
55297	1.61250466817652
79762	-1.46804195575154
79947	-6.62102768097662
51368	7.25874509309169
51115	0.438106636713934
55222	1.20568443610765
60672	1.72600699218692
55268	-2.92446448493376
79047	-1.21321983813215
55870	-4.21757668490542
29882	2.85533345803399
29095	3.2602489875507
56954	4.86407301663107
54148	-1.00997003707961
9935	-6.57839403507765
65094	-1.5375450438015
57128	3.73167625642272
55219	-0.540712771772282
4696	6.04687089399054
55159	1.31110216427286
51490	5.25822843766168
26973	0.536888788780646
10072	4.11969237746155
55750	2.3007538339757
55709	2.74049333541724
29082	2.40675670640519
28986	0.140320095495571
29995	0.451181981203436
64682	1.51315734902752
11266	2.04605112390421
79577	0.00616781343967271
60625	-1.33850625489018
54998	0.800161117721612
63874	-2.0129840482287
54708	2.40115424472504
54165	4.09770156388146
79600	2.75875511006803
51514	1.89891283155249
55257	-0.316955675162468
56983	2.98820671967045
10827	0.456000447581298
10161	-1.78243206456989
56652	3.54323112778861
79954	-1.23362712338794
27440	3.40761156291088
55131	-1.4179647695998
55127	1.35401579899403
54662	3.07571321921516
55847	4.76354809623009
60561	-0.0577493435182697
9985	-0.525392369289492
80774	2.04739096666684
55665	-0.50345899982116
54801	-0.590156201016372
51696	-2.96750796238133
23592	1.79745898290602
64216	2.80359542341151
55625	-0.165740667651305
55153	-3.48810243282071
23400	1.23575666253132
318	1.54741199580263
55313	-1.01173917615931
51278	-1.57932041590474
10078	4.03622430162084
55196	-3.54877244001538
55254	-1.57716669083922
57117	4.6237060620161
54802	-0.358039464202413
64778	-2.47684181518101
6839	-1.03069727821321
51409	-0.0412077445268535
79023	2.39493784162676
51617	2.8218694007385
65996	1.4376938193457
51299	0.0983518737679405
56478	-2.0047120424022
55332	-2.08800994832063
51019	-1.72976484556879
6608	-0.876128691209888
54903	1.33584302209597
60370	-4.34075860538874
79654	-2.18578432602721
55347	1.25422289484629
23612	0.36871578086597
11253	2.22719393244669
55364	-0.308187323422196
10417	-2.55322802676851
79364	0.333106993898218
79666	-3.8808268768752
65998	-1.56322079976216
79145	-1.46499402015993
9419	2.42519959537095
26499	2.73666492001288
54969	3.23878040786084
79693	1.68793107495866
64784	-2.65850214347753
9147	-2.61260358938707
54487	-1.36533894189991
55323	-2.81359681198081
54872	0.431958156958059
10166	0.326548114726988
51650	3.46122632110863
54883	-2.33292669857749
10186	-5.07728836611515
51195	3.24027622436556
93973	2.20510627699105
55252	-2.02810079643525
8291	-4.17653226191482
79903	1.17786627895056
64151	2.4709194783867
51102	6.35955399849474
8322	-1.68531880755799
55014	3.53088206970161
64219	-0.957539347325614
57826	1.88167657093145
80324	1.66094011803077
93974	2.85111553949334
79005	-1.98843708067966
10533	0.802861693006585
80006	-0.475852064851545
51310	-3.36873453504147
58488	0.427213903565933
57402	2.44607133042478
10763	2.2470671843334
51160	4.50217657951243
25764	5.78299181725973
23753	-0.355776729372058
22950	-3.383916069507
58155	-1.69419485572091
55144	2.06429787554671
23583	-0.88504659134802
64285	-5.33876707629911
56667	2.5287968609537
26007	1.09198846734833
2188	3.7212669186318
55638	1.89387482000328
23555	-0.378513307636738
51309	-2.42511338103228
54512	6.00897841780037
9451	-1.13981773434445
51074	2.31388182520336
8934	-0.901687188929138
51110	2.50914458866702
54938	-1.46337300123603
26984	0.669649862202037
54894	0.969846748546148
28966	-1.20849730550771
65983	1.38997621044664
55311	2.44242350627978
29107	1.88286997306453
51098	-5.16795912874319
55622	1.01181009576553
8436	-1.65590785061038
54955	-0.560113178373492
79664	3.57991706017383
78994	-0.995169372724108
55813	0.726992266704456
25821	-0.316981394544903
55214	-0.153020622133799
56034	-4.77220647421118
64785	2.94857371229081
26470	3.44874147764338
54953	-1.16500622192387
79714	4.85528446827243
28984	-4.95703865433816
79751	2.26532419438421
55355	1.62560593599064
55238	-0.71816908357071
29097	2.61596173493912
56925	-0.621363358137744
4969	-0.656633457479949
64856	-0.331621105350513
51651	3.05210352054102
55167	-0.631475405356097
79829	1.25422262966989
27300	0.295186296501976
54873	-0.506606566023712
51444	-0.982858856489003
80279	-2.76182981520084
79019	-5.23792727928452
64428	0.501367052643992
79643	0.545074180977954
29763	-1.70329890089141
54929	1.6279635618738
55080	-0.0641374192091803
10640	-0.565058393437554
80024	1.05466469140976
79101	1.51349914499229
55294	0.653837107225587
55954	-0.362890277049479
55113	-1.41145628826679
79707	-3.29462782295584
10112	1.62425214132794
79154	-0.110372802222677
65109	-1.3338419404716
8568	6.59372363007774
1856	0.10266000860473
51004	-0.0842670149031164
54778	-0.554289534818326
64763	2.73678392462538
53407	1.42037438769346
51092	-3.40727501163791
10352	0.716301249183723
57109	-0.468938605365451
57122	-0.806356201604325
57763	-2.02534692143846
55116	0.72438593129589
55229	1.0555789236288
55151	2.20862752169023
22921	0.528008033218939
28960	-3.12331731067552
80014	0.398887149473724
80021	4.42907560140161
80346	4.14719273800517
54869	0.530901841536408
29911	-1.10203974711514
79677	-1.06955478426876
29028	1.789092174527
25896	1.2389939202536
55776	0.936646874835395
64792	-0.550999659009047
51559	0.785545238710408
55280	1.73795984708656
64754	1.26491248173593
54494	2.42081096901511
55217	-1.38107602348966
79768	0.66422462263061
54836	-0.423997593688319
6322	-2.34277998921751
54957	-3.47671476770116
51205	3.07073252295951
55612	3.13297569740162
51547	1.92790060621054
65095	0.183407498123369
54707	-0.931326349667946
79644	-1.65315332592212
55757	-1.62813701851232
55013	2.13774267335697
55743	-2.28192082664223
55107	1.04435515769588
10451	4.19353592121552
55152	2.32147938021409
80025	-3.32719604747621
80149	-3.21063941279899
56904	2.11519584128692
55248	1.72971257356626
55092	-0.348607499030861
60559	0.96203830199474
2275	-0.403287083698032
26512	-1.36985210798208
56967	-0.0666990800921006
79716	-1.74896058609247
54793	-0.843446097099191
55228	-1.51824143737926
51162	-3.60086418971645
54733	-1.51232383148228
55125	-1.71792148288965
57048	1.30755082962316
55636	0.0127208244302843
51121	3.35190138838942
2217	-3.55053270428935
408	-3.09719830670036
51776	3.43141792725237
729238	0.787482662404999
79897	7.31820321105269
51619	1.72975766420333
64427	-2.14541654261603
23462	2.06756633758368
55191	2.12817160367666
140461	-1.09720598935706
79657	0.245142843867144
64838	-1.04486265449504
80221	0.226648825321737
56940	2.35260177667934
9439	-1.8494135773451
10644	0.878437683366819
79228	1.74887733378599
10848	-3.27715406495008
8994	0.359694008462512
55339	-3.46178040126175
55012	2.40738480012862
56180	1.76076367619438
29940	-1.7027156314094
131601	2.21376433142852
80150	0.629964825097702
64798	0.524112334423042
51575	2.58258598404986
79050	0.652482507849102
64320	2.41929375075775
79754	-1.69386349695266
7145	-2.4421775787013
64757	1.06511826296231
51728	2.91503899632673
79794	0.356806913286031
57180	1.69331757758861
23417	-2.68952178362995
55843	-1.61372765926674
55454	-5.00687461795756
54997	1.59497607414465
54856	-0.203322937413508
79969	2.08840472882661
26271	-0.458878568057626
51673	1.76422041551054
60487	0.629028225089818
23411	-1.90812487880967
64779	-1.22083321960958
10885	4.516720992655
79682	3.16644169975701
60558	0.790209211333996
79695	-0.683361332308054
55003	2.21465351364758
51069	4.25747735939696
81831	-1.89535242755192
64318	-2.07772292005015
51318	2.33264583545733
79591	-2.27123636812248
8642	-2.72749629908871
79763	-0.0956417240485554
55110	2.14853710802262
63906	-0.837323508156122
55421	-4.72258434319869
80775	-1.00724659116075
79850	0.582575048615574
79870	-2.29827503985575
26504	0.489618038583863
57088	-1.09918110334976
4851	-0.935875667975214
79035	3.47284115902838
55071	2.89991734682545
55656	-1.02074730683372
64837	0.469443894961133
65999	7.76797401336958
79058	2.36315712807623
26750	-1.26244405133862
55129	-1.60117163670927
8089	2.17330038765984
79571	2.15571767779045
51291	-0.557366087440732
51093	2.62367184932687
79724	3.65532089016675
79752	1.48820201995798
54540	-0.221763005222867
59307	-0.153894726124363
79603	-1.06909127240639
1486	-1.60991877919986
64776	0.410744563441925
55892	1.02861068355208
54020	-2.14305215961332
55602	-1.60621914028618
54664	2.25335571014048
64284	0.609770218042749
54680	-1.39704035737333
27129	-1.24766695667149
30845	-0.877049558621289
29080	1.47646295172497
54925	0.812308585208722
79176	-0.0324489116204323
3954	1.8394995108476
79609	-6.36107048398922
79837	-0.985908503535562
23586	2.73767212647962
65263	-5.90615660438346
79091	0.09791049829678
27247	3.41433442618912
55149	-0.189473322020861
55278	-1.62521430587427
64411	-0.920580773212312
55344	-1.65383933705818
27344	0.191231859353424
78991	-4.75466143812003
55290	0.677973106225269
80227	1.54990985733135
55049	4.88705754975378
3226	0.901859923689273
56649	0.0373721165737743
11284	2.94713534117265
64418	0.453085680521497
25984	-0.686917840167741
10620	0.391902591582665
64852	2.15307923457989
55930	-1.35340128468147
9317	-3.17389436970734
55734	0.211429172010141
51025	4.79723994735313
51076	-1.56006414761422
29062	-2.72139948846151
55761	-0.179919391273823
79631	3.2433176819564
55084	-2.07186217056575
50509	-1.27404308460847
56521	-1.63120235021432
54952	-1.02651219051767
80010	1.14913094094952
80206	-0.811087406903363
57001	1.01108900751847
51373	1.86195665742525
51279	-1.47768209009928
54517	5.31582049477753
29988	1.68703919151555
55601	2.367166028797
55508	-0.811142813209239
64924	3.01710984982744
6707	2.01488833410837
63897	0.455430687688872
55848	4.51514736084089
55178	5.68516654208253
64940	0.781991624578724
1906	0.308154047757783
29844	1.73451765790775
64425	1.46026261258665
54942	3.87343115418281
55281	-3.34666444110276
79269	0.486130247848983
79675	0.680648882115048
79694	-0.370838831227204
54069	0.259519266111786
25789	0.829634294090326
29078	7.079141303859
348995	2.20362992860082
60526	1.54027114431333
55765	-0.0613860645431142
57664	1.77729303238412
56946	0.975797176784768
63917	-2.7144517898551
51316	-1.60831183006148
60493	2.44509203065684
55500	-2.31979401761967
317762	0.893510946814613
55367	0.57420304775605
64342	-1.0207569192228
55298	-1.0309146463144
64897	-1.791889193971
55435	0.85864350592614
59338	-1.65872406866577
57124	1.14085795893037
4649	0.0261924798710173
64417	4.64144237591099
51002	1.12226478440836
51388	3.48401589432696
23596	-3.99192346242868
79668	-2.08373573616087
54956	6.08577197194332
80196	0.165093669376388
80321	1.45497138165054
79710	0.248546125573144
54910	-1.12441002540105
79585	-0.0222659754522326
29803	1.9956452705402
11178	-1.52928228421773
79031	1.68562218011369
55258	0.563661547249888
54509	-3.15296663744505
63876	-1.45271194686948
79759	1.56828920203418
23556	0.874502278940345
55790	-3.54612881759787
741	3.95781994639465
79006	-2.34264477249569
79803	1.15278581345528
55048	-0.0122207985214977
4883	-1.43215744623549
55133	-0.595680467489631
79874	-0.0283325935286773
64129	-1.12760293250563
10894	-11.2501810693238
55093	3.87126828060505
8270	4.22515428704562
54877	-3.1479970136688
79169	3.42943330768955
80760	-1.64703249905743
51072	3.90536455970235
60490	-0.491109937851201
55210	0.706742462813939
54851	2.40615027034298
64598	2.0545665818773
51236	0.814053942735206
9274	0.188642022034353
55751	1.41005463144284
78992	-2.65936856813015
5827	3.24835726339285
55105	-0.111917433224767
51167	-0.258261604963361
56474	1.21181208615971
51005	-4.12487236327032
55164	2.40737721072785
64324	-0.215062081974502
79760	2.61603359642082
55778	1.10578162563164
54829	2.33642717811099
79177	3.46348108377919
57419	1.49674680349749
79812	-0.524420069232155
64768	2.18948116084602
55022	-6.50494320505102
8681	-2.29302426938918
79637	5.16608161284675
79086	0.478503551516109
10514	0.444754196153625
57103	0.359900282546564
79991	-0.110155823616838
79575	2.8509091320706
57333	-5.0986233965791
55616	-0.631046881468646
50862	3.01155243214646
23594	-0.191390333716885
10324	0.421507454045459
63827	0.818280935837405
79582	0.753325092069988
54433	2.30118298473051
79039	1.64867638210641
51735	1.09634790979478
51171	-3.04319628525701
51161	1.39672364030643
53832	0.110026838621672
55208	-0.643590044693221
51303	-2.49199335687985
51691	5.35058893576033
80304	-1.19489771159164
54845	1.40512611057305
54974	2.04786407187832
7775	2.22619805596701
80185	-1.18680463098311
55974	3.63936701973681
55274	-0.7271776943657
79170	-0.306425828012156
54980	-2.8482120599838
79685	0.557067963006579
54482	-1.43298615162743
29914	4.46884048201281
57161	-3.08305181019805
54995	2.97328562593936
64123	-1.51154833150539
64788	-1.68120361483477
56947	0.140335741294916
5950	-2.3775104809079
55626	1.73699826082601
65997	-0.240474578200392
54913	2.00464372380324
78986	-0.87051805238378
79736	-0.0426028183669043
54981	0.290651248284851
55872	3.32137868436938
51163	2.22604527165125
11033	-3.41602320268392
11158	0.0266607937478894
50512	1.01925484620715
79875	-1.60770943889074
144404	0.518825639921465
26207	1.16365295509898
55333	-0.540814832248598
11275	0.69886899376005
80155	-1.94336380372789
57823	-2.87789079908261
64895	0.468864991550693
51192	2.69796789941566
65003	7.56712628927192
54811	1.64874431352037
55102	-3.37256703766494
64236	-3.44051661676567
55172	-1.50321776358378
51285	-4.12283790968248
51106	1.92229680098555
79187	1.67840103972225
7776	1.46023002655381
80019	-0.961038453693937
80022	-3.02801091600362
80173	-1.49718031408712
54946	0.702388063036274
79568	3.50756600517663
55299	1.61879036396524
79691	3.61902250721887
51339	3.71499018479217
55670	2.25972780871324
9388	-0.199951140870664
23563	2.75319126023294
29928	-1.97080707239562
23408	2.17956134080229
63943	2.91792167634744
28992	1.15733874639635
26233	-0.230423545142096
192670	-3.61190214548126
51411	-1.83304728708739
55833	4.02256535855515
55100	3.19658280068503
57715	0.581796258257883
10891	0.543021850002064
29106	2.23143658603898
57758	0.990431307106646
9329	0.683755962824112
27125	-0.0653890849770622
79072	-0.0731371668153613
57045	1.299977555459
79651	0.113059299392692
51016	3.78604687496075
63826	0.880787887465964
51643	2.95680785571919
80153	0.0369302598033878
51762	-2.14663513778927
11274	3.12058491663523
51182	2.66494274523043
58494	-0.215752918056272
57786	-0.87695814153128
55630	3.39984575541864
54465	-0.866772086409281
79731	-0.0346603208868434
57597	2.52566446153588
54958	3.15639554811867
56945	1.54921571196204
253461	3.4419562244966
64080	2.42121644862679
11094	0.698575653180298
79797	0.925692125289277
79616	0.41942763344105
55422	-2.55685058071439
55273	0.497693343775087
96764	-2.05435864891026
112399	1.2555992137841
79634	2.1531752953232
65979	0.318724302462499
79957	-1.87155354932449
79982	-2.03182704985801
55650	1.109900438293
55279	0.691125849251251
80007	0.531093035095751
54961	-0.011882061612984
80254	-2.7116174814537
55303	-4.2249955377458
26589	4.70876146810453
79676	3.33886540673973
79683	2.08236927143253
80745	1.18651371239399
60681	1.51346157885877
23767	4.76175860212167
55112	3.32482385531517
54960	0.0634457416146455
79134	0.0400915301442393
79701	0.805334280778968
55540	1.83546480687015
54436	-5.39422630371119
8877	1.19200823357071
54962	0.132732431554765
64218	-1.63403945929715
23587	2.4027977647188
79034	3.96704323730709
79723	0.43058954135059
79589	-0.0322681082189703
28227	-0.787980352368891
79817	-0.790792187495405
59348	0.820425563670018
51228	2.51746091624993
55224	0.234173036608848
79618	-0.813817450430618
79094	-1.82946528726071
79623	-0.438982857842031
55223	-1.87172985206812
8812	-0.675756339939862
23554	1.02897549429768
9141	4.05808705762456
79886	1.94490524914569
55753	1.46781117142062
9064	0.726177310036305
4482	-3.84501445504745
51393	-0.310454033005315
29071	-2.70270946896577
79663	1.27879814385343
51199	1.87693600910775
64783	-0.870347498160282
27345	1.26331292238998
57415	2.42382403097732
55027	-0.774887030933167
27071	-3.1607252861095
56986	2.38088074933362
55145	-1.13716597705621
29789	2.7822011248106
55166	2.23745951673444
26577	-1.01664370057656
54503	1.22350473710842
54521	-1.88793155685361
79746	-2.88630720323569
55039	2.6655669356747
79596	-2.56623519921287
80310	0.798686862546039
26232	-0.380238702026329
56992	-0.894313270898523
26289	1.14115797874455
79640	-1.88682471101558
79953	1.19143793621429
79959	-0.186136903575448
65986	-2.86225033418244
54762	-2.31205367973337
51222	-1.0080936025345
79652	0.225253234303774
55640	-5.04299081586428
11201	-2.85435597221079
51003	1.34023378842892
64344	3.76541796612441
80179	1.25332512222431
64398	-0.021626755550238
49856	-1.11236361228236
10068	1.89978373000108
79159	0.564843758569175
55520	1.79131320332811
10678	0.89684672315884
55890	1.65467642845813
64794	-0.380362917447543
51374	3.77800918176133
81839	0.354743079112971
55220	-0.274720491248565
79778	0.00653912139014295
11132	0.928367621891972
64859	0.483715448240526
64860	0.597877080791613
51008	1.35006363264979
54991	-2.22375703830086
54839	0.610236069364675
79813	2.3127744500413
2055	-1.47138459930315
64921	-0.371120453438906
55664	2.08810341448467
55315	-0.415997250608404
51027	2.20290563068336
79414	2.65292780449049
55270	2.2376720000347
55850	4.56700213160469
55770	-1.48823075724429
56616	-2.63112629141846
6399	0.244977120567885
55008	-0.161654219953825
374354	-0.924804836421529
55295	0.621054881339993
55803	-5.10374093693911
80162	-1.47469885293048
54795	-2.62956207270607
64782	8.63779225362062
60560	2.68664629437929
51001	0.190118418604812
79132	-0.374196260605288
79012	-1.06350244714019
57099	5.33471676742941
4674	1.41315686240555
78990	1.08674622104265
56475	1.0856332866106
10365	-1.19882976424787
28981	1.24557988043261
54344	0.292984575644591
79796	1.25840092666975
10390	-1.6451751194981
79692	-0.288006698330653
64762	0.921570968682707
79612	-1.17429254553326
140467	5.59080389830732
5429	3.8969007868759
65250	-0.224959811593803
29946	1.41825491715964
79899	0.969507381367328
23536	0.523147661330096
56833	-1.22188688944802
55704	-0.182091144610681
79977	0.710941014944684
55061	-0.41694303523781
55033	-0.357304054159332
10380	-2.20830673526917
55771	0.568105093413719
9489	-2.30874095597334
80004	0.744277437395515
79661	-1.80750137740736
80219	-1.89843830299884
63924	-1.00355187191194
55327	2.91423931782557
8506	0.0622697893849924
64132	1.96066943945278
10855	0.541074320254182
79574	0.810223190599196
55128	-0.576892187209335
79078	1.82954701083304
10319	0.0404506756739807
54496	-0.279986813087659
79753	-2.843700785212
55076	2.92977556934268
79767	1.14918509981501
23682	-1.38406267797422
79777	-4.21890758880209
64084	1.03528992846664
57348	-0.312286972030524
51435	2.78264473311075
54785	0.403625696549546
79840	5.30352937322517
79863	1.12475891422287
65260	-1.26649920061631
23548	-0.292954361893881
10148	-4.2606772120565
25830	0.142211707822817
192669	-4.80635814756673
79633	-0.581292978426621
11264	1.54988970788421
79152	-0.962141631691575
56834	1.03494780841555
79658	0.0882761841827463
54880	0.725782239429765
54210	-4.91553763648552
80169	-5.95811410537468
51705	-2.08117478872637
29123	-1.59545123065488
79570	0.501253025083833
56913	0.963920021073671
10742	-0.911451014427864
79705	1.89084426945157
100132341	-2.45141865271139
55617	-1.48557888402226
63035	0.908925989854181
29998	-0.0560630788722051
55188	0.692462447835049
51006	2.90197177943086
54968	0.284210068751291
55286	1.08887840664167
64174	-3.58711903122336
79786	-0.368820034286117
25975	1.47665549629816
79846	1.51409794630957
79890	-5.23809211946532
63899	1.43534840477311
55703	1.14264983773556
55654	1.67397850166712
56924	-1.7972518184489
79639	-1.31001424357596
24141	3.71165918863363
23632	0.902217147685142
336	2.60392697007287
54826	1.32732155350709
404093	-3.51649818756641
79659	1.08222982054863
54619	-0.755816706961055
80183	-4.44552274495922
79172	3.64208977236351
54834	1.85336076477205
79669	0.997147093371649
29948	-0.690058196946294
79098	0.582167150392572
55901	-0.616792640927922
58189	-1.4551582890258
79070	-1.66807308521609
6615	0.382203224371357
79573	1.64102009202357
64840	1.11450675883336
29915	-1.41139104098987
5716	-1.02801348432315
54920	1.63269653987228
79738	1.47471745900066
53947	-2.17580959452163
54933	-1.92057935138569
64858	2.11883838245083
78999	2.83163864206346
26511	0.192190913995686
79801	0.378943434734764
25788	1.46416882180487
7733	-0.323574403767374
65124	0.105222320681808
55176	-2.37411857946842
23529	-3.17462478376335
55068	2.31841421324467
55247	0.657854542090251
55287	1.90133821600853
79871	-0.368143275231062
51816	-2.80583022453527
79630	-2.10615669954834
51319	0.119559002190419
9245	1.66781469500703
58529	-1.5186112313427
9627	0.93057343725793
79980	-0.938241788034636
10045	3.19566319798253
59341	-1.06420615965757
80237	-0.459983796717312
6614	-6.64286997646875
55841	0.983903458083408
27087	2.43148452476953
24147	2.01643679061181
55714	1.38503067425586
79133	0.527581238339956
55244	-1.05445830868741
79697	-0.509551770622978
54996	0.00710907331661656
64919	0.605407188386559
9022	-5.09183240607653
79728	1.25998432773827
55722	4.34585019855792
6785	2.62166961010878
30811	1.39522476788479
10683	0.321469707587085
54554	3.32667894206469
79833	3.003973816469
10308	0.783656679729306
54923	0.111788960038964
79858	1.06083198965136
64081	-1.00424791540272
79866	-1.19298331387585
65987	0.521212199084039
1355	2.0805070675697
7564	2.98907493890252
10313	1.49612141152597
64221	-6.65710620876673
55840	-0.923955148321291
29922	-0.120175098318314
51458	0.634875832982517
55839	3.38306412234743
80178	1.14675412194381
56675	-2.12720500153175
63910	-4.41887504439608
79680	-1.30974216688115
51226	-0.990615364242229
25837	-6.4653948165834
161176	-2.04387965452515
3773	1.98525122831394
57404	2.9374712882998
79156	-1.45939318159791
64789	2.85237212290433
54345	2.60145506471883
80723	0.557074516663107
55614	-1.4337271063946
7559	-1.82421675714659
93664	0.805042890420601
55604	0.687845526074358
55016	-3.60612027055038
64146	0.452833544421262
79649	3.87251692493802
10347	1.60000674735896
64506	1.44133683892724
5866	0.475053340488592
79838	-3.47090977842363
80746	0.653308447193479
79627	-2.19847771294836
55812	-1.90852347042885
51365	0.60297343773945
79140	2.7539979187714
54892	1.44066804434291
55260	-0.538676327697301
51611	0.034671366804451
51286	1.4582798329922
79648	-1.96396845157017
51296	-4.94303008866618
4815	-4.06444251756618
7574	-1.0008750296464
56906	1.21767990725957
51389	2.32440488107942
757	-0.0747616096755038
63895	1.23951668444063
7769	-2.1774281133867
51105	-1.48250992307136
51338	-7.62828839981156
81545	-0.55885622734073
79446	1.41846596677542
64283	0.749761469605861
64793	-1.76536065837507
2266	1.82400005454491
51548	1.40405905852004
54716	0.991610842136311
8645	0.606117267026722
79611	1.65698475146954
79823	-1.52299630295786
51135	1.69117470792863
54769	1.21418711592571
54863	5.19300904691998
63967	1.45044139086627
55647	-6.68679535089055
79913	0.181994109886084
9530	-0.857154660798659
10087	3.9639492621787
79970	0.800584166296197
64393	3.40195624606303
55007	-1.81916455950078
10158	5.373141328138
29967	0.952202735790422
7442	-1.08693052349178
79183	-3.56053612851163
50515	2.29890035929275
80095	1.87981081718565
80210	1.71070889683094
26263	1.87785403524322
56965	1.03625409784882
24146	1.78307455859336
55070	1.36482098872828
51555	0.00966217379795448
53353	-0.0194782225919962
51134	0.687215981339947
844	3.01741481949796
54849	-0.530590471095222
64091	-2.7117225564589
55686	-0.0831419954567429
29929	-1.5814422515965
54821	0.794799868057013
55211	-0.170715489767826
79742	-0.245135548774465
149986	3.393551281863
9200	-1.03241744972095
79783	0.896257330577054
51294	1.80435184346654
51274	-2.61687886639591
79810	-0.156830991119974
51761	3.67399387491415
64901	1.67849789939364
79074	1.07901631635485
80757	-0.640939342789456
26063	-0.456046303575937
79873	-0.128679425517705
64231	-7.73029938653477
55024	1.57997551512241
78997	4.0759002457941
57126	3.88325722840622
79656	-3.06472722699076
51440	1.03370712739181
51327	-2.30499986354254
80146	3.16156520094687
80345	2.78389204273453
80176	-0.587049743907376
64421	0.429906565836776
79671	-0.88188943841485
80223	-2.27730461890883
6926	-0.136848587362387
7976	0.0954134163718626
64108	0.353871344260985
59353	0.0667028719465615
55351	0.697108774625695
55733	-1.22563779751316
55212	0.310583834243317
56920	0.871386646834058
79713	2.20472389277905
54809	0.375467813944143
79412	1.95151500699605
56895	1.65209688544302
55512	-1.86225277200899
163486	0.23163784606807
9956	-4.01269003526535
64863	2.04866499203556
55203	0.910455714137756
29767	1.52027260745738
10761	1.20960096015574
55329	0.236745886783671
51087	0.0649353912403918
79832	-0.238030957491302
55317	-0.173064684815162
27132	-0.371623490346117
56953	2.35991779797697
65990	5.35939674267974
79628	-2.57092528880785
54807	-1.49227738362047
23729	0.940398430305252
55799	-0.914635399580949
55775	-2.59773895565086
80830	-0.871086719474965
54876	0.447397898194827
55277	1.57881492699879
51751	2.6252150837521
55668	-1.35260591179901
79153	-1.1629417760136
56894	-0.165274469707309
9840	-0.580870616338538
54209	-0.221063040619052
54413	3.93294106307695
50506	2.85911527688678
9499	2.14976191540332
51450	1.02292697127206
54797	-3.66994616696873
728558	3.34057808794519
54886	1.72338962358166
10998	-0.0760945519028273
54847	-0.275332217161938
29842	-0.378491969240752
55521	0.420850236566434
5101	1.88270706272802
54546	2.9785550259979
79805	2.87560761220903
79818	1.89483106244619
80758	2.12838340601132
23493	3.47125842117537
64122	0.396200021007126
79847	-0.710826252291873
8110	-0.152432739325656
79625	6.05080027756821
79865	-0.291809706474063
63898	-1.41472101133753
79918	-1.61123109902965
8437	-4.56233994092818
10734	2.81936709137562
55285	-2.373538413373
57332	2.47429970558856
79983	3.03747093070191
54916	-1.65651595836593
79989	-0.765058528914935
64167	0.066890616875282
64130	-1.30464935065758
51267	-1.14884584642995
25873	8.58315385862998
57706	1.49258045674632
11211	0.529784448940973
79673	-1.56297688536359
80776	2.02227486755341
9946	2.01491726589664
79679	1.13845629922175
3619	-0.661156692734592
79712	-0.246534439850211
54885	-0.327672006175458
23676	-1.19211230612489
50507	-0.194321932929247
594855	-0.143019525535059
474344	-4.29498836687226
23414	-0.779289446783177
79776	0.178031662252693
51333	1.18393012005067
54978	-0.178647332678886
79791	1.64951860433971
9633	0.493488781609052
1894	3.84473374525942
29992	-1.1060163818822
79804	-2.52751652278016
79814	1.19297877435645
64089	-0.247250036051935
55275	-0.663840293469719
11254	0.557562370160409
53841	0.613779502000385
11320	-1.0715336463657
56257	3.68936207610933
10170	2.61673076431336
79896	1.35522199923329
80778	0.0406178863035651
27329	0.887861367683067
79933	1.13118785791155
63932	2.19106859728084
56935	-2.67140349520824
53916	-4.02769191452008
51540	-2.68121535830557
54853	2.5970096570055
80124	-2.19593376122174
79037	0.395751989342503
9113	1.2069834131076
55796	-0.108689846011634
79690	-0.613548732581494
55147	0.602361095310452
51275	0.0713780990365467
55094	3.08980291376326
28957	0.108184098658413
28968	-0.137784116397536
54438	1.15422657177364
9617	-3.54914282247939
79727	-0.386698928610178
26266	0.305583927211427
56603	-2.30953605043844
79744	-0.42795999460722
55684	0.969911638905901
26548	-2.69789060848199
10743	0.0928027335399025
51265	-4.15874906149348
3229	1.5716336796779
114327	-3.96257928392598
79800	-1.4425515057356
56978	-0.138099887357352
79413	-0.984271858299111
54360	-0.596251811934514
64927	1.0293126225243
57379	-0.656141303479527
54622	2.69215144603779
3652	-0.623221861786023
55088	-0.519641419241661
56033	2.45213227095471
79885	-1.89565493146973
9668	-1.15560739577926
79891	-0.94994567604024
26298	1.04404273217836
79898	1.18977740530447
79147	1.1721044092329
7561	-1.05467760399181
55190	-0.80108750622596
79949	-0.58668201585644
54842	1.53846944010655
26253	-1.3451244238584
80741	-1.30946610825417
55192	1.51474205147674
26502	-0.287290721686188
51191	3.3948413860044
11123	0.694828478272336
29092	1.83014168444505
140578	1.48887832691758
51479	-0.748036522721991
80063	-4.16955905960642
79667	-0.115333588973238
51313	-2.26459613281438
78989	2.43737467322997
84561	-1.23157241919217
55592	-0.0188166021283721
79698	1.72088111715299
51621	4.78415772353155
78995	3.06086421935647
101928649	2.28615187246557
79739	-0.806020685071832
50801	-3.23849335488355
26468	-0.836317226703557
55106	0.845612593745478
79598	-2.62220323147259
55231	-0.0824496530952471
6676	-2.29335054373894
10023	-2.18174050130342
23601	0.040000960885928
54858	0.75256624650218
53346	-2.0602295632037
64925	2.24063798142642
54551	2.40459158839735
55026	-0.150347352729064
50632	-0.357336336860835
79845	-0.646592494375457
54329	-0.376801369565341
27158	2.40603253479157
55663	-0.192433691949284
55785	0.114125135451762
23743	-1.45250766719794
79149	1.7763323872898
114625	-0.675350891522602
55096	-2.59926830148089
10817	1.22539017620045
27123	0.507767744897155
79148	-1.25910672631457
11153	-1.5241325869264
28231	0.0869095206334999
5169	-0.202027675329694
51340	0.414472015936789
9427	-0.402155868183252
117247	-1.18759594486205
80352	1.78090880070092
29063	0.681300323970975
259266	-0.484523959342748
29925	-6.19946947268336
4054	0.0137149649456496
80263	0.982459971208165
9204	-0.867777555237597
64208	1.048629865117
26256	2.60535923233918
79038	-1.03899539198274
11279	-2.37999278226751
59349	-3.26857956165467
28965	-0.35482565668269
51022	2.84895380723832
6783	-0.591290860477785
11096	1.67118329732945
53836	2.27327110674323
29953	1.15442032187862
9050	-3.27310558909491
55795	-0.221527708273028
55266	-0.695661604744009
58498	0.316874842253742
79745	-0.688858214236075
29118	2.83884038384659
50856	-2.67976121309815
79799	0.977985086786204
79442	-0.283539197326039
26230	3.62990681553149
55184	-2.210568900203
57192	-4.85906067893424
56672	1.8859750801262
57733	1.48540370289142
54596	1.701135452182
11226	-3.99619523647144
55680	-2.93457766718796
55321	0.0275786026629138
55034	-0.090094248814941
51377	-0.978553767960807
55857	-3.13464366207789
59272	-0.915323733697839
51207	3.71546828979466
54879	-1.58589813389356
79917	1.59464446817271
54971	-0.0351571370919965
79922	-0.62137502320115
55787	0.0115746883118201
54810	-1.04216308818205
50615	-1.71215806678777
64430	-0.128139700301531
79642	-0.237245594821926
55862	0.0872545896545085
55301	1.23165918546245
51361	-1.22762571453757
23746	0.607126872188642
51501	3.18256275445314
80167	-1.3375914377097
84914	-0.178763324974229
728492	1.79588463403046
57110	2.57058888145593
9955	0.433755671565824
80724	0.13077126452954
100288413	2.73294064921184
55182	0.60355005678691
56899	2.87339980466932
79733	-0.159151630404374
56606	-1.08709569377699
6866	0.666956921632188
64321	-1.08580032459882
54518	-2.45531252084603
79755	0.0302831250940585
140460	2.69210561182163
64708	2.28883386920267
29094	0.163676123428435
8778	-2.09626230850646
55083	-0.803033579628097
55282	4.05245143180864
55510	-1.2582517265894
53829	-8.44242306593584
79825	3.41930474023653
79828	0.305531134363185
79834	2.99058889558683
79836	-0.0627641767024593
23630	0.987104849180299
79000	-0.498988205961149
56605	-3.57499614171552
79852	-0.492134996754671
51334	1.3134496370801
54897	4.18712277601273
79872	-1.05083155474775
63929	1.49514396448327
79905	1.10667560450802
55713	-1.33239083546779
55911	3.13845725124276
57716	0.470561614479073
10716	2.13648653511743
22802	-0.804631630198669
54922	-2.79860647561658
93	3.30424090832751
55359	0.211600646999952
56957	1.79047604995477
79974	1.68576870343316
55716	-2.44930383311649
23678	-3.0866552060536
55906	3.40616206926679
80235	0.430778685788114
59269	-3.40543125715234
4241	1.88172073369857
63974	0.0927540202165308
57018	-3.50102776016713
23409	-1.31339514275781
10913	1.32623283317134
80380	-5.61025389817751
11092	4.43132422888379
10942	-3.5133047087008
26277	-3.72136144891406
9573	-0.0243933499159018
58985	0.648270278533391
653067	2.11927365727792
79018	-0.595217638740885
26228	-2.41898151291105
55010	0.320372487473814
54988	-5.85384409686459
79807	0.32239766850554
79809	-3.11424979868593
64102	0.489618463369585
64127	-7.7412067469316
51332	-0.259349714728532
29802	-0.596767367030864
51807	2.91642238825946
79831	0.260112648822269
55142	0.988848951558347
79848	-0.682730025947644
55200	-2.15468220343667
56172	-0.0690845765512073
79879	-0.621338981288242
84196	-4.17316882107782
55336	2.7323380417563
51478	-1.40744022025142
54866	3.9832946285456
55195	0.700714730141049
3070	0.982844185054341
64376	-4.43033479783972
53630	3.39452711378259
728	-6.99917842566804
79944	0.163172342198562
49860	-1.32732440622249
11182	-0.751600145230123
84168	-2.74398744704185
63933	-2.10925249423659
54875	-1.32802026870341
54868	-0.972882455946448
54768	-3.08744834540191
55867	-0.876439582321882
668	1.2251983212507
51023	-0.915010027120459
27156	-1.14486063506254
29881	-1.64115692038317
79696	2.17057433736456
9630	-1.21502493547363
56000	-1.16470752193819
57101	0.400345257874388
79722	-1.01490792162093
84172	-0.490723001426543
55576	-0.620877308953098
1008	2.55559836710048
3781	2.10544180779722
79750	-0.307919087799239
27033	2.63839480934008
64097	0.726662805636104
55180	-1.9545352738755
79772	-4.01028919518949
80255	-2.1263616716344
8139	0.0538588779296535
27019	0.211973481685623
29122	3.38756246633856
54850	1.05686363050721
79815	-1.11117326676449
54937	1.3270768728397
56413	-0.417521018768346
53822	2.04648934370385
29121	-1.20119532049876
54959	-2.0438692191449
55194	2.17383310577815
11136	-0.656406420907698
1412	-2.41738861093845
54621	0.322323334996972
9421	1.591448209185
29947	2.42347405636189
29916	-1.69571717942369
79864	-2.26867616731914
60484	1.47547116825161
55692	1.26030628362927
63926	1.63501363327496
79884	1.39287821684754
51284	-1.05693780200283
58516	-0.0278094333642104
64577	-2.62967855545131
79919	2.7548345253243
79632	1.65913027464329
55150	2.95272187963399
79946	0.473105677251351
57089	-1.07023989258778
65980	1.04183863634295
79645	-4.20879171046506
51054	-0.345750675966578
56891	1.90633379259396
79963	-1.64727688918156
11133	2.87898873057715
54566	0.564547408399705
64170	-2.40489961403886
51725	0.0760931039390704
54891	2.75648502342767
26507	-0.581935522339605
24150	0.0904040837354118
55259	-1.40212747876033
80008	-5.34877716862733
9457	1.88560646389926
55425	0.248467412702265
80067	1.0026457017404
80127	-0.526576143238203
80131	-0.379454176794779
55871	2.35476433846178
80224	0.176107797833606
64699	0.811949217868312
126321	3.86509394838818
64180	-0.361380997514573
80323	0.32469431133445
79085	1.61816163584373
11162	0.146821355445042
79923	-0.717206505427313
57731	3.13779495366463
54825	0.0271443700145097
79689	0.572895842008543
57338	0.833765258933404
11282	1.48879723872507
56287	-0.771384980129236
79729	-1.31731883245949
79730	-0.766333443046394
55777	1.82066380774857
94025	2.41422478081086
50617	0.823367345467348
56648	1.60676338583303
64853	-0.646906997105169
387893	-2.34716957636761
54542	0.777201425031534
353500	-0.0586469260467491
7179	2.28158459411253
79830	0.848511324303185
64073	3.85228406024595
11093	3.07460605461851
23615	0.910607390313034
57053	3.5534580022394
79857	-1.95869604588882
63892	-0.655438051082985
128553	1.43061752530545
7762	-1.466330451467
79862	0.288827682637744
56260	0.730392076556396
64663	1.51113313402721
55064	3.00733580209173
55073	1.31060167890398
55472	1.07717357125758
79915	0.0256998290559915
54363	1.74372382398802
50805	2.27432171535938
79054	2.73171930907521
23431	-1.25875959206992
51700	0.897711877014889
10842	3.38181909099478
79966	1.44405182288555
115290	0.443813389572756
767	0.00377613463190099
55791	-1.74039953518075
55066	-0.46832882126647
64422	2.46513004352074
55975	0.413247190407685
55002	-2.32585564537701
55762	-1.70975954315621
29068	-1.91086488916572
29931	-0.585401637509135
51151	1.94907938400072
57118	0.287819680661727
57082	0.555943586874432
23553	1.8581782093664
57335	0.0265943428781497
80231	-1.65959554875582
2178	4.16275363032729
64064	3.68214221121847
56001	3.18087503702736
55135	3.77186102608869
79990	1.44947911961239
55296	-0.381830970519281
55146	1.20990541998712
65989	2.28073986401436
9597	0.188279414709547
9314	-4.96062455705105
192666	0.738643513620422
28971	4.75721667172105
79740	1.19540677709736
56163	2.51327587988353
64800	-1.12011977187547
54796	0.221023477844563
27190	1.54302808361417
79781	-1.52928067590144
50624	-0.1105556522843
79785	0.569281654959405
80319	4.8624596553173
55693	1.83384561743588
51127	-1.59191466606535
6557	1.82260603109054
79608	-1.01409490494906
79802	0.0248525865357973
27120	-0.478124400071919
51104	-0.589128823454416
54893	-0.157603397903738
56999	-0.284552685446782
51168	2.0135061572682
55057	1.11086634023755
54857	0.00476556831679232
79820	0.953951915615467
55635	2.05630382414547
54558	-3.16273481202436
79839	-0.437156252769583
4117	-1.14671975050224
79849	-0.205697135944806
54714	0.189949481551682
57506	3.35030614729714
54855	-1.42914726792331
51744	0.00659464556389375
25790	-0.114902629027684
79861	1.85279426530189
29104	-3.02516289265015
54854	-2.50343202361397
54112	-2.29184357804608
100506164	-0.660196816479576
57097	-0.366232421205091
64067	1.46674355679195
9227	0.893637674294915
55040	0.373207246013467
29116	-1.7490157231964
79930	-1.00605264010619
79635	1.05824852338243
56300	0.573711683060617
79935	-3.12570952733858
79940	0.261519885986665
54457	2.43360512340951
55701	-4.1566041608662
389136	-1.34483199916458
55005	0.711090229045797
64092	-2.60072251143404
10858	1.08350260459437
10686	-1.05939294352259
54852	0.778966107656055
26575	-0.638374087046562
51206	-1.06230353939367
58157	-0.234126246714198
55103	-0.287757294198565
25823	-0.584033044609179
80000	-2.13811611936079
51149	-2.71458348716368
80267	0.116812190770047
27115	2.06156153343533
56673	1.23504993277582
80059	1.84890012693787
441024	-0.15895908170939
114818	-3.08704372375121
64772	-2.41353438838116
51554	3.41611274289706
645644	1.24014614119431
55199	2.11698250364713
100289410	-2.05490251843597
55193	-0.762800543770986
10699	1.03322495209303
10110	3.54685915723588
55509	2.59695111634525
10777	-0.469937729468647
79725	-1.01534828093807
64799	-1.27796936309685
170679	0.0979623736713396
63916	-3.85930457011696
54508	1.67177304984781
55821	1.9732469668096
64100	3.7093254469856
79595	-0.697174768048779
55671	-3.13206884702131
57602	-0.0137818261644181
56996	3.01612612785592
54943	1.87083322560764
54798	1.0749924685978
54813	-0.0905816851809955
100996485	0.701289788064412
64922	-0.152121850515633
6954	-0.124539967278709
29999	0.754051445870249
58511	-1.04132124844043
79822	-0.185560093400412
64240	0.193046548586422
51314	-1.66852734926336
57158	-0.576552502668967
27436	-1.42275960865397
11147	-0.599114728234869
80307	-2.69073363114821
60494	-1.62448822097276
79841	-0.143431297003138
79842	-0.461212921843725
64641	-2.15846056051062
51557	-0.746287105843708
26281	1.87554259836333
55466	-0.882051424761925
55390	0.545891659945646
79854	-0.454179061272371
63970	0.598521129770406
222487	-1.80479290016736
54212	1.1651352483037
79883	2.24134980278271
10089	0.589747646046379
29986	1.22767630368847
51806	-2.33886706763688
51086	-1.00871846022984
79895	-3.80042380875534
51078	3.16912594410607
53347	-0.00975084929916104
29761	-1.4880378564909
79748	1.25387378903212
79908	-0.320761835848451
50613	-2.75577629920577
26279	-3.47060128399028
7827	-1.39953955907325
54763	-2.98012130155024
79025	0.865041751458219
50489	-0.377925288350798
9348	-0.762411160814578
79927	-0.260761872316601
28983	1.69277480267975
51302	-0.524056374724211
79057	1.28490025294592
79934	1.02225278799533
55532	2.55824589935686
643827	0.71809944108026
55908	1.51673126752615
54814	3.10397223601037
29124	2.24331221553413
79962	1.43757463531945
8693	-0.933948051709566
25806	3.29787857401828
79230	-0.856555445520079
389903	0.426329957461239
10164	0.192054650455189
11255	0.491577934666001
56660	2.33560995670606
79015	-1.12833494032338
79444	1.82700052395754
54896	-0.962712983068499
23539	0.0192693234856035
55304	1.74364611993271
55095	1.14334606684606
114044	4.27726736025151
53919	0.189580417191446
80034	-0.295043331743003
80054	2.13667141717564
80071	-4.20107391776115
80117	0.0289097226110597
51272	1.79330290015736
80177	1.95596840200065
89874	0.218839256322542
64078	2.03008897752141
55924	-0.0889463309424101
29058	0.64463775392995
80831	-4.67812956992278
29034	1.13086536053992
9464	0.827952221494055
10936	-0.588841629971733
26297	0.660931124134836
25897	-2.442724061232
55283	1.25338758278357
55423	-2.38117368850507
84187	2.17652436002788
54221	0.480284852623327
54828	0.318591162761813
347735	0.471163864579445
57817	5.86832234497524
9381	0.241624650070084
1761	2.2383629978791
79770	-1.38113583028176
51266	3.54265677233688
7761	0.522701627750569
10880	-3.62827005844647
54752	2.0226524449779
11159	-1.39072609788862
10881	-0.517291341666419
6561	0.41287532826475
11081	0.175442911584912
51198	-2.84231395588924
2974	0.391720039247397
51733	0.438863530010901
150160	-3.04301687705591
57127	-0.935940289101409
80759	-2.81921551574671
63904	-1.88372312487131
54993	3.10405880601901
25890	0.177794941919411
3982	5.10700838549858
54830	-0.845260425103726
55054	-1.07205682231305
23418	-1.38490539787896
80258	-0.0398225774886918
550	1.52908726790272
55052	2.15350579045734
55350	-0.132294593732815
28959	-5.58852186301254
105376204	-1.18154726498153
79097	0.382751619810449
55138	1.11828674595806
55237	2.52363431196528
55613	-1.16608041701004
79924	-2.741807013311
54777	-0.869233984986341
60598	-0.33226660403804
56547	0.412567333608924
51297	-3.36546749183075
56245	-0.238002379448047
60385	3.1377050862663
54537	-0.58021895753965
10343	1.07422793745212
26272	-0.75005792156503
57084	2.72022402436771
7224	0.905395555398193
55015	0.0409693027750778
10864	1.04320868456312
79955	-3.7303835914452
23439	-0.777682836514622
55690	1.82393035191873
10077	-1.71659528345501
2019	0.204231560799644
29125	-1.37933525329402
51214	-1.22660768640714
54905	-3.43934215362903
55328	2.33642488069915
2826	-0.495009165361677
23533	-1.96301508066556
22807	2.03255397210052
56729	-2.43295800999848
56981	-0.533710932352241
100506282	-0.0594619080032346
43847	0.694907351817054
80031	-0.0858629136427297
80039	1.64386013590764
387751	-1.0734971605658
54507	-2.63227300745098
80129	-2.22874771787601
80164	0.985666931347314
80201	2.65115993147996
64223	0.938184289282279
55653	1.06438729562847
55036	1.53107569323765
29951	4.60846710455623
54865	1.00729607982399
79092	-0.111624758213821
54859	0.098401441777496
80262	0.789233794994387
80154	-0.97578191967222
55784	-1.05817921133187
10841	-0.225984666462001
22933	-5.29854844921534
56985	1.3358917780099
51497	2.28905439645454
54989	2.31505762117772
202181	-1.86421916774512
1600	3.33162656918179
54843	-1.26907142088714
79747	1.5972161992591
55711	1.12121785539022
55205	-2.2218241125563
55063	0.592537240882853
54544	1.89235194279328
2301	4.08756933323585
79782	2.25102552494529
80705	-2.04830825208464
2001	0.860653084447512
51156	0.571260553045541
10047	-1.6325193260708
54549	3.24602194292724
55539	0.00811077702448796
27159	2.3794273509346
64172	0.489482603964432
29954	1.0138218513105
50809	1.866397074516
9496	-0.433030388008222
170680	3.4909004766696
64446	-2.07288052060777
79843	-2.358239245621
23624	-1.04396185378092
79853	1.72464699557217
53944	3.00714338282479
79400	-0.22034914048746
51463	1.18196113730072
55179	2.11985631393129
54827	-0.496332796635351
51348	-1.9849111006676
51287	5.13112486053351
105	4.11891820221813
340351	1.24296294965216
6553	-0.991779879069173
55388	-1.34649641452785
347240	0.595004520278341
23619	1.17974956173372
23614	-0.612377376587326
79931	0.640792854590528
55175	-0.990189896227463
56938	-0.653673540114126
55262	0.0345211180890797
58483	-0.0215528293912082
55657	0.569661361561154
26508	-1.35792879159748
11141	-1.05143478605434
6702	0.104555457284135
51213	2.94198705686905
25862	3.12491868306251
1789	2.03140277306092
25819	0.15115576297767
57718	0.217394771605442
80339	0.00456277564565995
11095	2.19318186766232
55025	0.363077990428527
1005	2.67621955058487
55225	1.2253139393216
55267	-2.65871017320077
51088	1.59229145072615
50700	1.38965803997293
30009	-2.54493262181662
54954	0.811143679115349
101927550	2.11421206634626
51154	1.18116670993801
4838	-2.88056712494954
25979	-0.720328410325878
79780	-1.22290480301657
29065	-0.439077383538102
79160	-2.73972343362388
55853	0.570931505536752
11173	1.6677922376822
80020	-2.94681778082228
80032	-1.76738496688202
80035	0.937491133047116
414918	-0.193763877690092
63978	-1.178696589836
80060	-0.178766788777085
80070	-0.396576972185995
80072	3.39056678975516
80097	0.305618614369903
60482	-1.61470123614906
80157	-1.07127111189838
54207	1.23378685355634
197320	-0.806813076271398
55707	-3.3059629275067
80243	2.3499645717677
10861	-3.73826628677264
80772	1.12574534988498
57337	-1.85857983148439
80704	0.923765432417721
27330	2.27959981284696
26505	3.25872974387331
9990	1.27526462466609
27068	4.01302958923474
29949	0.337155789685899
51720	0.76163206340592
29075	2.35422643582362
51157	2.05004850009171
79741	0.622270463361716
64175	2.22021667062266
10826	-3.51215156423481
51145	0.556913896174841
51084	-2.53782356243766
50854	2.34211319324081
55065	-0.0403784040377036
80700	1.14144098940943
54538	2.39600569494001
64184	2.14007153385699
79788	-1.91475219528822
51347	-0.0923718195880651
54584	-0.304002247298591
151987	2.15320542101535
55679	0.301250796743839
54766	-1.06095042751333
1456	-0.249054531983577
79819	0.149721798703348
63920	0.348727427814714
51152	3.08339852652765
60467	-0.4124136177776
10243	0.679547967681964
54808	-2.97313615989432
55293	-1.20088430206767
3770	1.84178022949144
63971	-3.12250553974034
10501	4.81179988390147
51702	1.98397540218006
50487	0.938588794516578
50514	1.61007601525152
43849	2.4973031662961
64066	1.2592095202299
10911	2.77626349035478
55089	-1.34573625747298
55072	3.7440322810253
9238	2.75652925335593
64232	-0.867866216593051
11107	4.6718462964698
55511	1.69353003091096
64388	1.47346775240476
57596	1.41044027949882
79939	0.629380347503655
79066	-0.827212332032875
79948	1.97294517534308
9247	-0.321070831418153
29766	-0.117058702632174
51179	-0.333288166112264
23415	-0.306304677394558
7161	-1.45301656568654
3274	0.603256350698344
51764	-3.28546213549899
3049	-1.32123733777813
51298	-0.447073202700588
9629	-0.0944982398994749
10394	-10.574843608306
11148	1.14463543178685
57105	2.4015091288893
55676	0.384694675669935
29119	1.05245235064352
23566	-1.43746385921512
7223	3.09089627668178
79981	2.99987107872857
2587	1.51827046560017
55243	-0.368622652485232
140290	4.37529004794742
8708	0.121170190985555
50939	3.22895682724453
51301	1.3930851091196
51311	-2.45747414368633
54860	1.91043027495866
55628	-0.882525893738488
100996325	0.177362391187877
54932	2.30876403852174
29081	1.8817234935094
55732	0.723070109864706
54806	-2.81201545168799
25879	-0.976094657773628
51224	2.81822446159725
55289	1.1511640363761
100506504	-2.8286690381671
7638	0.131325176951089
29991	0.370120034941182
79999	1.64586249817793
27136	4.47464491390551
29018	-1.55236566772218
29942	0.52080004685552
4284	-0.113060428765203
51079	5.12880482544424
23590	5.70360629398662
11174	0.159231120436407
25769	0.540952331872318
56301	-2.92779844103848
55835	-1.12009813823021
55879	2.18892105913745
56936	0.214015640160344
57091	-0.371514444455522
56934	2.98109720200917
51202	1.50845759345245
152992	-0.0508370186014239
29968	2.78836061130437
59335	-0.573688205578152
57663	-0.819312353499667
80045	0.606082023513842
85476	2.5863449135337
80069	-0.595800368991476
266977	1.0194000676937
80125	0.192779466938296
80128	1.00262207819442
80144	2.00546747484412
57523	-2.92146568224262
57728	-0.959669941109053
80215	-0.58622483756489
80217	-0.271734199513027
30014	-0.088017669659275
29944	-3.60541302986923
60495	1.61281321041181
63976	0.104339262084744
26290	-2.76049950460592
79024	4.46952554202365
79670	-1.96881595210019
55755	-1.36712633338749
55766	1.4276989130434
27090	0.334361424602773
10691	2.6690308671605
54878	-0.218092908359144
57730	-1.37768815071024
54149	1.65083399499294
26355	3.20405058194358
55471	2.14369247254961
57115	-3.24642208181523
54682	3.38851253320384
26000	-0.771704928469016
476	-0.24992284136276
78996	-2.4856401681347
55683	0.267498985248833
29974	-0.23499451135738
54545	2.57771639962009
29990	1.26073643296081
51715	0.209393647187067
112398	1.60658984335271
64693	0.0667619731562526
54986	1.97985506492188
29989	0.11562633099023
29943	-0.948196944924437
79363	-0.0291894726549139
81876	1.1961126476306
81492	2.28024178914345
81873	4.94795835479482
79943	2.42979068719729
81872	1.43132379097927
64806	-4.85669885739523
81870	-0.472980011351646
81858	-1.45000615870333
114897	0.472848765476686
81851	1.44187805627495
57669	-0.70071125105115
81850	1.30144842840013
81849	0.226794167033783
83440	1.52101168162004
81833	0.0406764340267059
81848	0.992936956193252
81796	3.69083321951999
81790	-0.558462700070193
81789	1.76762078685744
81788	-1.75819452466013
114899	0.904004910529202
81693	0.986551045633799
81671	-2.07480893367694
140545	1.10954344871606
81627	0.433140296719971
81491	1.60665268873873
29091	3.99532846807611
81626	0.78275061740654
81624	-0.110838267349158
81622	2.31169875625679
81619	-1.19549004272784
81617	2.52295575169976
81618	0.9381712461211
81490	1.49173923864594
81609	0.453807983534512
81608	0.206814374756418
64850	-2.48283940815781
51129	-1.4720840195567
81606	-2.14392874433308
81603	3.52944069319305
23780	0.901607227085722
83452	0.244869461545515
81602	2.27352904613565
83439	1.40597126966733
81543	1.31629813352149
56165	2.97962621499276
81035	-2.72157743905567
81034	0.356962482669507
56259	1.04207409365568
83449	0.8662863522712
81031	-2.6078489097706
83448	-1.8378804948957
83482	1.57540104938332
81579	-0.183190454819591
81029	-2.65239971672943
83478	-2.59864620780523
81575	-1.44277815280262
80975	2.13172256356533
56156	1.53280726143256
56155	0.0723041567165714
83464	0.743215116481687
83447	2.75923293323562
50807	-1.67458192452687
26503	-2.39988477329725
53840	-0.949476823390444
8863	-3.72153271909075
29083	3.01388230468983
4139	-2.02107597575798
55028	0.427040942926887
27343	3.72116527905894
54676	-2.39786647501973
27231	-0.562889954695733
11022	0.836865117855617
58513	3.84888993564132
100505741	0.631666682690385
4166	-5.79583516246484
7099	-3.98270761446283
9033	-1.46322856566729
9953	0.167757173110186
63891	1.39594289730901
64718	2.46273662457298
64377	-1.0474035030811
51289	1.46650247895658
80763	-0.805305227053477
51204	-0.188485600619311
57805	-1.35504281216596
57000	0.962124363985165
10392	-2.40903921543448
55130	4.36660602219164
55798	4.09407459488665
79958	-2.51235541309909
79961	-4.74839433842364
9132	0.568081964070445
9177	-1.4846157085384
9966	0.760286301774798
55079	-0.0283895035954058
80833	-3.72847901274447
55607	0.633443622273602
50508	-0.801186655900168
55239	-0.959806362007262
10022	1.58319585349514
22806	-1.09719515501475
23629	2.47758818480606
55140	1.11114774440725
9992	0.248819399393514
55374	1.12395676669074
10242	-0.0382000594988937
10813	2.20846045834534
29113	-0.21499570471739
140803	1.13794954261689
55779	0.783792909528415
55335	0.571071237145624
55584	-0.401288034958923
51233	0.749424500556839
100506571	0.165171975466184
50940	-0.966544869000352
55801	-2.22109920949226
26280	2.10679184002728
51384	3.14930125503385
258	-0.509708443616614
55891	1.63769992425263
27039	-0.190983004037386
54848	-0.357656642614654
54967	-0.611621741655025
30813	1.11070273888096
27094	-3.12057816948429
23591	-0.867102179009783
51146	0.554281230218443
51378	-3.04312037931703
28990	-1.85421039502422
2658	-0.329104306263794
51380	-2.30049551996531
29933	1.33386550447948
29924	0.0218059688389495
55825	-0.76039901808535
29935	3.06352677664983
27202	1.63725787107745
56955	-0.711981008082648
56979	-0.391421727839015
57093	0.400816501443865
26261	1.43716078489499
56344	-0.981820180408609
56676	-1.14309011616484
10086	2.55371158055727
51085	3.522247649832
50616	2.3850178436038
8074	-0.173627447477332
83446	2.11144377447468
59336	2.42102965302212
59340	-0.778788624266209
728621	5.04138235481638
80099	-0.791279722293905
80111	1.13080715529951
80115	0.430105981864585
100533178	1.69468527200848
80122	-1.01446568327618
80133	-1.53195857475809
100507388	-0.947387019509198
84223	-6.13647630422571
100131532	2.56830591611155
80199	1.92593236708334
27141	-6.50775551601338
80222	0.462768608640919
29919	2.51429762468913
54441	-0.460081842371757
79157	2.26269269536775
54819	1.3517451024272
51136	0.278084606008547
1103	0.151658864122419
6343	1.83054464599268
64096	-0.371505024823026
100862697	2.93146905242291
7711	-1.4820463276563
55689	-1.42398307422257
55118	0.646095101192411
26960	4.09386092504178
79684	-0.629719298037244
56914	5.66606173297514
80896	-4.29407247779827
56911	2.54075021544758
54816	-0.51458576235698
26012	4.76773884930076
54101	0.0471506837692261
22955	-1.74540952853232
54715	2.14757835657158
27010	-0.352644034737933
54758	-0.990666112416669
55681	1.39245808912038
26249	-0.249927995486858
54964	1.68630700187461
1154	-2.18850872509668
79877	1.84648232210668
55515	3.7691654825949
51805	2.49659203367957
55006	-0.483177277867581
55051	-1.3018775737768
26287	3.11459016066152
57579	-0.146905192465812
60468	0.943092043228556
81551	0.441869212719068
23762	-0.48229194415421
79366	1.85886726298417
79368	-1.86928447647797
79369	-2.0034815601833
79370	2.36198337361895
81554	3.18138422860375
81558	-1.74302057667985
83463	2.08770559875263
83444	4.16287467149814
83445	-0.903278807039237
81567	0.00501041642415193
83394	-1.45357667304452
83460	1.15983339196235
81932	1.75878279807339
81930	0.281106356229856
56159	-0.145225930466766
81566	-1.41148288185145
81557	-2.56052341637323
66035	1.85292516645485
83443	0.123704337487138
81556	0.771648245518712
81501	-3.5162580412976
81926	7.68664141196065
81537	-4.72704554229814
83442	2.09515271200873
81890	2.16520328320384
59067	-0.69057795617775
81563	1.58936572542061
727800	1.47486899372852
81562	0.669162070549726
81493	1.8260858050396
83480	2.28663630023873
3218	0.0237983604791838
54332	-0.72695623261903
8128	1.6853913498192
51237	-0.971846955222884
6041	-1.44650140469715
2845	0.349964843099227
1750	2.89348050905549
84939	1.19500955332593
80328	3.27667054713155
8643	-3.06750426198522
50619	-1.7092536835732
1149	0.694455760194111
7007	1.00899502555298
55507	6.10284408180532
9376	3.28637117727331
54328	1.64186914001755
23742	-0.547848301285487
80737	1.80140998612992
28999	2.86814276048499
29930	-0.289429729265224
54576	-0.89428130516718
2850	-0.901465283898044
30820	-0.484080323237762
10818	0.947414363616634
84991	1.62130892709593
2259	0.353329031950624
57226	2.30014328284888
9340	-4.07095260443891
9293	0.999080451636261
2661	0.0888161201252799
27006	1.93078125348535
57828	0.54672364873454
56130	0.624076695842944
58158	-0.0304507644999955
56128	2.27026341337635
10017	-1.46872886749395
30819	1.56077350706987
64111	2.43126074001404
80329	4.8238613760987
50834	4.83642305376478
56659	0.601280302666115
2652	2.13147749470775
26285	1.48632676972205
23538	2.28967958301453
1129	-2.34953989723279
1493	-2.73501046250633
9210	-0.786224688866163
50943	3.07992814613456
56006	1.19513052247611
474	-0.0439211132102187
11086	2.7702252095419
79136	1.29650066644786
442194	-0.993309532581403
1046	-2.77775459035055
653166	-0.141823102055208
80739	0.70180148134819
26531	0.133487531210806
26529	-0.855267474175775
2867	-0.850114632411794
26476	0.773960373174727
1133	2.09828559126509
4880	-0.211846206502488
7441	-5.02566806497409
3224	2.50740580139961
3350	1.04324087714302
4994	-0.144965788977612
2847	-3.39860754742816
1146	3.76704966484362
22953	-1.08119509460726
1132	2.19828702470078
2832	-0.257712534795656
2668	0.414693927765957
2693	-1.07214591815652
4975	0.213026970912593
3361	-2.08187699861306
2848	-1.69917248819367
2895	0.486242861491855
2862	-0.44899599729297
4825	2.13531166930315
4342	0.322616778661971
4759	1.81529706624864
4543	-1.52703123116336
100131827	0.655856548534268
8995	2.13255295116027
5623	2.37307933961567
8823	1.71566525620816
8390	1.91453034934925
8822	-1.56174091293185
11317	-0.396246284449904
9350	-0.135168192241434
10934	0.362932974665244
10316	-0.257036427082001
7350	-0.225642878853181
2866	0.217313167867787
4995	1.801377436785
64106	0.723995151794714
8383	-0.482554133818558
30814	2.78528226023197
50840	-2.45815840144752
50832	0.778271057119559
9288	0.97342493969488
9287	-0.642680862595525
50838	-0.352388594953411
50837	-0.285988006668795
50839	-0.358622560246948
50836	0.163262709276029
60401	-0.447834854184209
53904	0.225382378583536
27091	-0.633242998023977
4992	3.91054561816757
11172	1.1163926450967
27179	1.06718397829205
57369	-0.555402991643205
56124	1.10401240724422
56656	-1.97416656294194
56132	0.59901535449114
3238	-1.22205713647998
57191	0.688287667242124
9196	-1.41772932842916
81623	-0.499101586405922
81025	2.15125158005056
64600	-1.58050606597779
53637	-0.426455924630831
10025	5.32795628734048
81792	0.266383143563793
81571	1.14932374081268
81555	-0.422969731078095
81285	-1.82339281901246
8392	1.10253460125071
81669	-0.753424519660451
79718	-1.24865058046164
56157	-0.746877710427416
81847	-6.69817950588111
81797	3.17029592395375
81894	-1.77835018321132
26291	0.0632601167121541
81892	2.83579239646859
81888	-3.43212518959354
83461	1.72215237955292
64960	2.44740339381527
56158	1.77487796663732
10741	-2.09686699859616
2928	-1.67671427754196
4159	-4.21438522079548
51052	2.60076999376947
50833	0.638621623069898
26189	0.755931355530395
11085	2.14717532736288
83468	-1.41619561035165
56154	-0.57485249329253
81533	-2.23308540092669
56123	1.03168413750769
26692	2.45364542091721
81853	0.840370418280007
57818	-1.58092410293544
7473	-4.21117022860563
50831	-1.52495594267859
56244	-1.08613336930672
3355	2.63160874569859
9038	-0.400769357544436
4993	-0.0292057173909202
50835	1.68503978216145
55554	0.103290659313192
6369	-4.19422037900105
4991	-4.41043832780051
8590	-0.912672865097179
5030	-1.92808977303425
4160	2.99310080341735
2829	-0.151741339384582
2854	2.7014714327945
27178	0.466995299562626
103910	0.219265372432799
665	-5.21900111331492
9334	-5.05134521748531
51596	3.57748714004241
51271	0.737201202394879
7259	-0.51171470514487
10766	3.25674918458993
54583	6.70696868201021
8675	-0.877684531697442
339044	-2.25059087157904
3839	-2.12017779745852
51606	0.307318617999022
8562	-0.598016570173357
84065	2.36074293525729
51451	2.27471092607456
9440	-0.142493916770446
55031	-1.78721526846258
6468	1.44893315949035
55143	0.457614385349814
51659	-1.19546545449875
84079	0.0995683074788759
58528	3.53306846155955
83637	-3.92057136938417
83483	0.818268497919781
79365	-1.4702804481219
83638	1.80408911430147
55341	-0.363426745434351
5361	-0.453591108133472
1978	2.9552511762204
2966	2.91867508154659
83716	-3.03004657450157
11160	-1.53312990295162
8559	-1.64636658486037
80895	-0.746054432574671
83743	2.38427628146874
57406	-0.478874994661082
92335	-2.39810112073112
79003	-1.89677726332746
57787	2.29177182111193
6646	-1.59846145003238
23410	-0.401677397070356
51063	0.267189744646983
8996	0.104393080093004
65010	-1.44413817714132
79020	3.06420496323935
9518	1.1125587592077
83937	-4.14709848369814
92815	-1.88080437204678
27092	-2.24970196261411
1875	0.0400267120443765
55009	4.73776820881896
54478	3.95634523484317
84060	2.13666948693752
29100	1.55993878527318
9214	-1.11392098568519
9409	3.62926826313866
51268	1.66945075773755
7475	0.652179812172123
55620	1.34429545017956
57408	2.08320873465068
54469	2.51672743768627
9501	0.915480812282777
51616	-1.13736616495198
23787	-2.99076453817219
79135	2.92762329598409
654434	1.19048925663715
55863	2.81294664559032
440515	0.525522017350983
54514	1.91396185978428
10785	1.85497434793541
118433	1.1649787185224
79081	2.2831481612157
23597	-2.20594317760399
55769	-2.12592291793668
79844	1.74488558359051
60626	3.08959365082185
56342	8.7632887254538
55726	2.82700575847055
9960	-1.78900258013033
55160	-0.166046087427815
140459	1.17754100193011
93408	0.801941791861229
50848	1.17881775897927
29108	-0.702769584564171
26353	2.4451833503557
27034	0.0868696707630127
8022	2.92680681947227
83696	1.56564628044594
56994	-3.84826418598352
23603	1.3356347172208
29980	2.53342708631094
51513	1.10668391906164
1834	3.25656802270941
56100	1.20580673911239
60506	3.43190529053893
54908	-0.261112670485313
89853	-2.66390792082348
55272	4.68834344030643
51227	1.03471844142263
55655	-3.60170868784614
64981	5.53006341734952
10746	-2.3131362524378
440738	0.12099524997803
64581	-2.19837816765963
79009	-0.711479509049231
7311	11.1129652903134
64220	-1.40086636655377
80213	1.99270965329917
83990	-1.08236599614569
79720	2.75282666844911
29086	3.57242266497818
79929	2.00551069443
81616	-0.085102929796543
10163	-1.27774893061513
1290	-1.85047124798801
124583	0.288951946575025
133619	-0.755988176614573
57599	-1.25496317061716
57148	-1.43126199525678
2768	-2.62548108539106
474170	2.67671338354747
54915	0.00255332321275172
8266	4.62567881761757
253943	-2.06264811202749
54434	-0.705879290040335
57175	-2.27129346785293
254102	2.48163787085449
113791	-1.77402739615489
93436	5.80860421604595
92579	4.35985819492093
159	2.5562884711888
63935	2.48914954409762
221037	-1.94458006398216
91300	-0.906650167469021
55603	-2.65989198622061
90864	2.66198961979533
54737	-1.89709133715965
55844	-2.25364447182256
29117	-1.11588385090215
84934	1.2167505306091
80853	-3.11998716907465
85377	-2.83205172705462
54431	0.386237453526456
58525	2.40841301988255
387263	2.18459721368604
89941	-4.0769930016712
26119	4.21070244539753
51372	7.69919904497884
57572	0.726390951859964
339229	3.60173958382755
54480	-0.148936295844602
80233	1.11773590924907
4747	2.39144376366132
57698	-2.90462028702989
29982	-2.77739219746745
55855	-1.82668079443423
55209	-1.87615290786846
80305	-1.42995971783271
9367	-2.40893528641995
57610	-0.040389683733603
376267	0.19866862741517
93210	-0.577453068529077
54455	-2.67295717481575
25960	-2.9712357273645
51131	-0.659229815589097
57171	1.56598188670187
80789	3.71299812916644
54934	-0.125712775356141
112869	1.26712769455609
90355	4.68507718170469
220972	-0.852014932573005
7798	-0.0990256941509375
83752	-3.74129017304582
196403	-2.06063231272282
84861	-3.69411540601224
5791	-4.4048841659559
57707	-2.02253661803738
81570	3.17157283050568
57513	0.901236560694442
100129361	5.04715749206873
84619	0.950900706561627
90379	6.87465823303652
119016	-3.43205545280128
23420	3.60409580595543
644096	4.9622480336434
55793	0.34019672328528
93643	3.2318201580135
23232	-3.11621304143769
57586	-1.47392045248749
54531	-0.412844115167337
93129	-1.09706336454877
203197	3.95126958952464
7942	1.40761397659675
400961	-0.380567245233724
57535	2.76306546865205
100289678	1.56220034470095
126298	-0.971329010661676
388969	0.13545515335195
91860	0.397157138290324
400451	-0.989341062630021
58986	-1.52145969942575
27147	1.55934422408423
25861	-0.200911631496541
253980	1.44714744856866
63925	-1.67812941311808
90956	0.37251239380506
158747	0.149252292674628
84851	1.28787120947177
1296	2.39095969593696
85352	0.36555607184234
387509	0.350413268973599
131408	-0.641502020503528
114112	-2.65930879833078
115708	4.29894215988882
84900	1.58628837027823
6853	0.562092559553513
84818	0.89206631059868
83451	1.51850144125464
81929	2.03583919921768
51218	-0.819714899694344
57502	2.73116648442505
285203	-1.03716477487663
64975	0.122369590412621
11276	-3.82849064256736
27079	2.04139936821002
196743	-1.03383888799374
2982	0.402400707492399
150726	0.768962192527035
138162	-3.83474586360366
2018	0.367379642265563
283232	-0.233197711435082
57570	-1.64625744823251
101410538	1.47518688087491
79971	-0.532609428764166
90362	-3.98232253143881
100293516	1.3773127103668
11247	0.511863814083246
25926	0.12370182862864
100506076	0.0302146770553009
100129250	5.105688354297
84034	-0.128225558898065
11248	-0.898787224352948
122704	0.563001166142014
339448	-3.22780716419761
57234	-0.442612432301359
2785	1.41530111658011
1297	-0.694707034734862
752014	-1.02400718066042
196483	-0.199391168107988
64288	-0.93882562161354
10471	3.09628955271446
50863	2.00899066307818
255812	-2.35022507801389
26873	1.55202985073469
389906	-2.20524600495959
146909	1.3786438900302
399664	3.57140255881917
1416	2.96719054439602
284325	-1.02439197625444
728448	0.87325018309129
90133	1.9625331857757
80755	4.01604257489271
105372602	2.6517287840055
373863	0.549517215722624
353189	1.40485733527392
29127	0.960974681856665
146562	-2.16055492861805
100134713	1.5575944215994
105376064	-0.758130145891369
2940	-0.627782846890827
466	-0.274561076663527
2967	1.25111236456017
23627	-0.914906925583839
347902	-0.344263905619433
125058	-3.74770415761646
92595	-0.424297416242297
26084	-0.350761435723949
54681	3.13342162209754
55763	-5.38733490510423
730051	-2.66233911857568
64743	0.154188319792328
57612	-3.33508938284449
653519	1.45037044668781
64419	1.32020664480158
57576	0.5530941662412
283768	3.93989349212199
50804	2.00740563115072
10003	-1.11186058312655
9510	-1.25398750459273
100507458	-0.36287182448638
55357	-0.548520834404039
51586	-1.98472041277619
51531	0.305664381904072
11285	-0.496547785659303
100132923	-2.56323297156335
729162	0.7390464014307
55909	0.505998914345856
9994	-0.364941391405168
57665	4.43229061039225
29956	4.05376459580801
63875	3.27656841269438
11000	0.5750393500862
79816	0.661189549190212
55815	-2.5676115702023
26525	0.0641602195117175
342538	2.68653798433458
644128	-0.0453305415406344
6290	-0.00545654176774649
54784	-1.28379199357203
55860	-0.990908961990764
55379	-0.507874237739414
79007	-0.0370537591496778
7771	0.601675620655892
27434	-2.48966103843727
51477	2.44665732143096
25818	1.56894292161667
26205	1.19182218982999
56893	1.40622832844494
100137047	1.63070238542107
23677	-0.749725636230439
23626	1.03626048528784
221092	-0.155793931191328
84951	1.8601738780848
84928	1.35534933763632
57223	2.22968154071213
105371267	0.243018333962486
85477	-0.293751880611732
150244	-0.459072932563141
542767	-0.705226807603962
101929726	-1.91739500826781
285830	4.54869155856366
100506469	4.18826584983332
440712	-1.51539055957888
147657	-0.803305048133842
10345	0.46074157777087
3747	1.13757777594602
401428	-3.02274213729949
26628	0.927610556250786
282997	-0.187563799213837
57466	-0.102706489607154
100126791	-0.933554911178166
100996756	-4.51429259032477
388569	1.28328095800692
283491	-2.72936549143215
259173	0.796108111513015
201895	-1.30074462029612
284361	2.5514633950181
284217	-0.562950522149191
376412	3.1061226651932
643224	0.788479326030083
23446	1.0312197912522
23704	2.36167354517255
8484	-0.688693835445627
23779	-6.16281711572583
109729181	2.24044721367465
100316904	-3.13241011219407
389677	1.69614328218058
101930105	-1.64566309002407
79583	3.76214265774391
388796	2.21215817294016
100505915	-1.57770489100182
